"","predvalues_DT","testdata_DT$left"
"6","yes","yes"
"11","yes","yes"
"31","yes","yes"
"32","yes","yes"
"34","yes","yes"
"35","yes","yes"
"37","yes","yes"
"45","yes","yes"
"47","yes","yes"
"53","yes","yes"
"55","yes","yes"
"63","yes","yes"
"65","yes","yes"
"68","yes","yes"
"70","yes","yes"
"71","no","yes"
"73","yes","yes"
"75","yes","yes"
"79","yes","yes"
"80","yes","yes"
"82","yes","yes"
"87","no","yes"
"91","yes","yes"
"94","yes","yes"
"95","yes","yes"
"101","yes","yes"
"108","yes","yes"
"113","yes","yes"
"120","yes","yes"
"122","yes","yes"
"126","yes","yes"
"127","yes","yes"
"135","yes","yes"
"136","no","yes"
"140","yes","yes"
"147","yes","yes"
"150","yes","yes"
"152","yes","yes"
"154","yes","yes"
"160","yes","yes"
"163","yes","yes"
"169","yes","yes"
"173","yes","yes"
"180","yes","yes"
"181","yes","yes"
"182","yes","yes"
"183","yes","yes"
"184","yes","yes"
"189","yes","yes"
"192","yes","yes"
"194","yes","yes"
"204","yes","yes"
"206","yes","yes"
"210","yes","yes"
"213","yes","yes"
"215","yes","yes"
"218","yes","yes"
"227","yes","yes"
"232","yes","yes"
"234","yes","yes"
"235","no","yes"
"238","yes","yes"
"239","yes","yes"
"241","yes","yes"
"243","yes","yes"
"245","yes","yes"
"248","yes","yes"
"253","no","yes"
"254","yes","yes"
"258","yes","yes"
"260","yes","yes"
"261","yes","yes"
"271","yes","yes"
"272","yes","yes"
"280","no","yes"
"282","no","yes"
"283","yes","yes"
"289","yes","yes"
"296","yes","yes"
"300","yes","yes"
"301","yes","yes"
"306","yes","yes"
"307","yes","yes"
"310","yes","yes"
"311","yes","yes"
"316","yes","yes"
"317","yes","yes"
"323","no","yes"
"327","yes","yes"
"328","yes","yes"
"334","yes","yes"
"340","yes","yes"
"344","yes","yes"
"347","yes","yes"
"348","yes","yes"
"349","yes","yes"
"350","yes","yes"
"359","no","yes"
"360","yes","yes"
"366","yes","yes"
"368","yes","yes"
"370","yes","yes"
"371","yes","yes"
"372","yes","yes"
"374","yes","yes"
"383","yes","yes"
"386","yes","yes"
"387","yes","yes"
"396","yes","yes"
"400","yes","yes"
"404","yes","yes"
"405","yes","yes"
"411","no","yes"
"412","yes","yes"
"414","yes","yes"
"417","yes","yes"
"419","no","yes"
"420","yes","yes"
"425","yes","yes"
"426","yes","yes"
"428","no","yes"
"430","yes","yes"
"432","yes","yes"
"435","yes","yes"
"438","yes","yes"
"444","yes","yes"
"450","yes","yes"
"452","yes","yes"
"457","yes","yes"
"458","yes","yes"
"468","yes","yes"
"471","yes","yes"
"476","yes","yes"
"479","yes","yes"
"487","yes","yes"
"491","no","yes"
"494","yes","yes"
"496","yes","yes"
"498","no","yes"
"500","no","yes"
"503","yes","yes"
"506","yes","yes"
"511","yes","yes"
"512","no","yes"
"525","yes","yes"
"526","yes","yes"
"529","yes","yes"
"530","yes","yes"
"532","yes","yes"
"533","yes","yes"
"541","yes","yes"
"542","yes","yes"
"548","yes","yes"
"551","yes","yes"
"561","yes","yes"
"579","yes","yes"
"588","no","yes"
"591","yes","yes"
"594","yes","yes"
"595","yes","yes"
"597","yes","yes"
"603","yes","yes"
"606","yes","yes"
"607","yes","yes"
"608","yes","yes"
"610","yes","yes"
"618","yes","yes"
"634","yes","yes"
"642","yes","yes"
"643","yes","yes"
"646","yes","yes"
"647","no","yes"
"648","yes","yes"
"649","yes","yes"
"653","yes","yes"
"655","yes","yes"
"656","yes","yes"
"657","yes","yes"
"660","yes","yes"
"672","yes","yes"
"675","yes","yes"
"676","yes","yes"
"678","yes","yes"
"679","yes","yes"
"680","yes","yes"
"693","yes","yes"
"695","no","yes"
"696","no","yes"
"698","yes","yes"
"704","yes","yes"
"707","yes","yes"
"708","yes","yes"
"709","yes","yes"
"710","yes","yes"
"714","yes","yes"
"718","yes","yes"
"722","no","yes"
"724","yes","yes"
"727","yes","yes"
"730","yes","yes"
"733","no","yes"
"737","yes","yes"
"741","yes","yes"
"743","yes","yes"
"744","yes","yes"
"746","yes","yes"
"750","yes","yes"
"754","yes","yes"
"756","yes","yes"
"759","yes","yes"
"762","yes","yes"
"763","yes","yes"
"764","yes","yes"
"767","no","yes"
"769","yes","yes"
"771","yes","yes"
"774","yes","yes"
"776","yes","yes"
"777","yes","yes"
"783","yes","yes"
"787","yes","yes"
"788","yes","yes"
"790","yes","yes"
"804","yes","yes"
"805","yes","yes"
"807","yes","yes"
"809","yes","yes"
"810","yes","yes"
"813","yes","yes"
"816","yes","yes"
"819","no","yes"
"825","yes","yes"
"826","yes","yes"
"832","yes","yes"
"834","yes","yes"
"835","yes","yes"
"836","yes","yes"
"838","yes","yes"
"843","yes","yes"
"845","yes","yes"
"848","yes","yes"
"849","yes","yes"
"850","no","yes"
"851","yes","yes"
"853","yes","yes"
"855","yes","yes"
"856","yes","yes"
"857","yes","yes"
"860","yes","yes"
"870","yes","yes"
"871","yes","yes"
"876","yes","yes"
"884","yes","yes"
"889","yes","yes"
"899","yes","yes"
"900","yes","yes"
"903","yes","yes"
"907","yes","yes"
"912","yes","yes"
"913","yes","yes"
"914","yes","yes"
"916","no","yes"
"917","yes","yes"
"923","yes","yes"
"925","yes","yes"
"927","yes","yes"
"929","yes","yes"
"931","no","yes"
"934","yes","yes"
"937","yes","yes"
"944","yes","yes"
"948","yes","yes"
"951","yes","yes"
"953","yes","yes"
"960","yes","yes"
"967","yes","yes"
"972","yes","yes"
"979","yes","yes"
"980","yes","yes"
"986","yes","yes"
"988","yes","yes"
"989","yes","yes"
"995","yes","yes"
"996","yes","yes"
"1002","yes","yes"
"1004","yes","yes"
"1005","yes","yes"
"1010","yes","yes"
"1015","yes","yes"
"1018","yes","yes"
"1020","yes","yes"
"1021","yes","yes"
"1022","no","yes"
"1023","yes","yes"
"1035","yes","yes"
"1040","yes","yes"
"1053","yes","yes"
"1055","yes","yes"
"1057","yes","yes"
"1059","no","yes"
"1062","no","yes"
"1065","no","yes"
"1071","yes","yes"
"1072","no","yes"
"1077","yes","yes"
"1079","yes","yes"
"1091","yes","yes"
"1092","yes","yes"
"1101","yes","yes"
"1103","yes","yes"
"1105","yes","yes"
"1111","yes","yes"
"1112","yes","yes"
"1114","yes","yes"
"1117","yes","yes"
"1120","yes","yes"
"1122","yes","yes"
"1125","yes","yes"
"1130","yes","yes"
"1131","yes","yes"
"1137","yes","yes"
"1142","yes","yes"
"1143","yes","yes"
"1148","yes","yes"
"1160","yes","yes"
"1161","no","yes"
"1163","no","yes"
"1164","yes","yes"
"1165","yes","yes"
"1169","yes","yes"
"1170","yes","yes"
"1175","yes","yes"
"1176","no","yes"
"1177","yes","yes"
"1178","yes","yes"
"1179","yes","yes"
"1182","yes","yes"
"1187","yes","yes"
"1189","yes","yes"
"1197","yes","yes"
"1203","yes","yes"
"1224","yes","yes"
"1230","yes","yes"
"1233","yes","yes"
"1238","yes","yes"
"1239","no","yes"
"1246","yes","yes"
"1249","yes","yes"
"1251","yes","yes"
"1259","yes","yes"
"1265","yes","yes"
"1266","yes","yes"
"1270","yes","yes"
"1272","yes","yes"
"1274","yes","yes"
"1276","yes","yes"
"1279","yes","yes"
"1281","yes","yes"
"1282","yes","yes"
"1286","yes","yes"
"1287","yes","yes"
"1289","no","yes"
"1294","no","yes"
"1295","yes","yes"
"1297","yes","yes"
"1306","no","yes"
"1309","yes","yes"
"1311","yes","yes"
"1312","yes","yes"
"1313","yes","yes"
"1319","yes","yes"
"1321","yes","yes"
"1325","yes","yes"
"1329","yes","yes"
"1330","yes","yes"
"1332","yes","yes"
"1333","yes","yes"
"1336","yes","yes"
"1346","no","yes"
"1349","no","yes"
"1352","yes","yes"
"1356","yes","yes"
"1357","yes","yes"
"1371","yes","yes"
"1372","yes","yes"
"1376","yes","yes"
"1381","yes","yes"
"1383","yes","yes"
"1390","yes","yes"
"1391","yes","yes"
"1393","yes","yes"
"1395","yes","yes"
"1399","yes","yes"
"1400","yes","yes"
"1410","yes","yes"
"1412","no","yes"
"1414","yes","yes"
"1416","no","yes"
"1418","yes","yes"
"1419","yes","yes"
"1423","yes","yes"
"1425","yes","yes"
"1428","no","yes"
"1432","yes","yes"
"1433","yes","yes"
"1436","yes","yes"
"1437","yes","yes"
"1438","yes","yes"
"1439","yes","yes"
"1443","yes","yes"
"1447","yes","yes"
"1452","yes","yes"
"1455","no","yes"
"1459","yes","yes"
"1460","yes","yes"
"1463","yes","yes"
"1466","yes","yes"
"1475","yes","yes"
"1476","yes","yes"
"1480","yes","yes"
"1488","yes","yes"
"1490","yes","yes"
"1491","yes","yes"
"1493","yes","yes"
"1496","yes","yes"
"1497","yes","yes"
"1508","yes","yes"
"1513","yes","yes"
"1519","yes","yes"
"1520","yes","yes"
"1521","yes","yes"
"1531","yes","yes"
"1533","yes","yes"
"1535","yes","yes"
"1541","yes","yes"
"1543","yes","yes"
"1544","no","yes"
"1549","yes","yes"
"1551","yes","yes"
"1552","yes","yes"
"1553","no","yes"
"1561","yes","yes"
"1563","yes","yes"
"1566","yes","yes"
"1569","yes","yes"
"1573","yes","yes"
"1574","yes","yes"
"1577","no","yes"
"1579","yes","yes"
"1581","no","yes"
"1582","yes","yes"
"1584","yes","yes"
"1585","yes","yes"
"1587","yes","yes"
"1588","yes","yes"
"1591","yes","yes"
"1594","yes","yes"
"1599","yes","yes"
"1603","yes","yes"
"1605","yes","yes"
"1615","yes","yes"
"1616","yes","yes"
"1618","yes","yes"
"1627","yes","yes"
"1630","yes","yes"
"1632","yes","yes"
"1639","yes","yes"
"1641","yes","yes"
"1642","yes","yes"
"1643","yes","yes"
"1648","yes","yes"
"1652","yes","yes"
"1655","yes","yes"
"1660","yes","yes"
"1664","yes","yes"
"1665","yes","yes"
"1666","no","yes"
"1672","yes","yes"
"1673","yes","yes"
"1678","yes","yes"
"1685","yes","yes"
"1695","yes","yes"
"1699","yes","yes"
"1701","yes","yes"
"1702","yes","yes"
"1706","yes","yes"
"1713","yes","yes"
"1714","no","yes"
"1716","yes","yes"
"1717","yes","yes"
"1719","yes","yes"
"1720","yes","yes"
"1721","yes","yes"
"1723","yes","yes"
"1725","yes","yes"
"1726","yes","yes"
"1730","yes","yes"
"1741","yes","yes"
"1746","yes","yes"
"1749","yes","yes"
"1753","yes","yes"
"1756","no","yes"
"1757","yes","yes"
"1759","yes","yes"
"1765","yes","yes"
"1771","yes","yes"
"1772","yes","yes"
"1777","yes","yes"
"1779","no","yes"
"1781","yes","yes"
"1789","yes","yes"
"1791","yes","yes"
"1792","yes","yes"
"1794","yes","yes"
"1795","yes","yes"
"1799","yes","yes"
"1802","yes","yes"
"1806","yes","yes"
"1811","yes","yes"
"1812","yes","yes"
"1813","yes","yes"
"1818","yes","yes"
"1820","yes","yes"
"1826","yes","yes"
"1829","no","yes"
"1832","no","yes"
"1840","yes","yes"
"1842","yes","yes"
"1850","yes","yes"
"1853","yes","yes"
"1854","yes","yes"
"1858","yes","yes"
"1859","yes","yes"
"1865","yes","yes"
"1868","yes","yes"
"1869","yes","yes"
"1871","yes","yes"
"1872","yes","yes"
"1873","yes","yes"
"1879","yes","yes"
"1881","yes","yes"
"1883","yes","yes"
"1886","yes","yes"
"1890","yes","yes"
"1894","yes","yes"
"1895","yes","yes"
"1898","yes","yes"
"1905","yes","yes"
"1906","yes","yes"
"1907","no","yes"
"1908","yes","yes"
"1911","yes","yes"
"1918","yes","yes"
"1921","yes","yes"
"1925","yes","yes"
"1931","no","yes"
"1935","yes","yes"
"1940","yes","yes"
"1941","yes","yes"
"1945","yes","yes"
"1958","yes","yes"
"1960","yes","yes"
"1966","yes","yes"
"1970","yes","yes"
"1977","yes","yes"
"1978","yes","yes"
"1981","yes","yes"
"1983","yes","yes"
"1985","yes","yes"
"1988","yes","yes"
"1991","yes","yes"
"1992","yes","yes"
"1993","no","yes"
"1996","yes","yes"
"1997","yes","yes"
"2000","yes","yes"
"2005","no","no"
"2006","no","no"
"2008","no","no"
"2009","no","no"
"2011","no","no"
"2018","no","no"
"2019","no","no"
"2022","no","no"
"2023","no","no"
"2024","no","no"
"2029","no","no"
"2032","no","no"
"2034","no","no"
"2035","no","no"
"2036","no","no"
"2038","no","no"
"2039","no","no"
"2040","no","no"
"2046","no","no"
"2048","no","no"
"2049","no","no"
"2053","no","no"
"2055","no","no"
"2060","no","no"
"2063","no","no"
"2064","no","no"
"2072","no","no"
"2074","no","no"
"2075","no","no"
"2080","no","no"
"2083","no","no"
"2089","no","no"
"2093","no","no"
"2097","no","no"
"2098","no","no"
"2100","no","no"
"2102","no","no"
"2109","no","no"
"2112","no","no"
"2114","no","no"
"2117","no","no"
"2118","no","no"
"2119","no","no"
"2120","no","no"
"2122","no","no"
"2126","no","no"
"2128","no","no"
"2130","no","no"
"2136","no","no"
"2145","no","no"
"2146","no","no"
"2147","no","no"
"2150","no","no"
"2151","no","no"
"2157","no","no"
"2164","no","no"
"2167","no","no"
"2179","no","no"
"2180","no","no"
"2181","no","no"
"2182","no","no"
"2183","no","no"
"2187","no","no"
"2188","no","no"
"2190","no","no"
"2192","no","no"
"2195","no","no"
"2198","no","no"
"2205","no","no"
"2208","no","no"
"2211","no","no"
"2219","no","no"
"2223","no","no"
"2226","no","no"
"2231","no","no"
"2232","no","no"
"2233","no","no"
"2237","no","no"
"2240","no","no"
"2247","no","no"
"2248","no","no"
"2250","no","no"
"2255","no","no"
"2257","no","no"
"2259","no","no"
"2261","no","no"
"2263","no","no"
"2264","no","no"
"2266","no","no"
"2268","no","no"
"2273","no","no"
"2275","no","no"
"2279","no","no"
"2281","no","no"
"2284","no","no"
"2286","no","no"
"2290","no","no"
"2291","no","no"
"2293","no","no"
"2294","no","no"
"2295","no","no"
"2304","no","no"
"2305","no","no"
"2309","no","no"
"2312","no","no"
"2316","no","no"
"2320","no","no"
"2321","no","no"
"2325","no","no"
"2328","no","no"
"2331","no","no"
"2335","no","no"
"2336","no","no"
"2337","no","no"
"2350","no","no"
"2356","no","no"
"2359","no","no"
"2364","no","no"
"2365","no","no"
"2366","no","no"
"2367","no","no"
"2368","no","no"
"2370","no","no"
"2372","no","no"
"2375","no","no"
"2377","no","no"
"2383","no","no"
"2390","no","no"
"2392","no","no"
"2395","no","no"
"2396","no","no"
"2399","no","no"
"2403","no","no"
"2407","no","no"
"2410","no","no"
"2411","no","no"
"2414","no","no"
"2415","no","no"
"2427","no","no"
"2432","no","no"
"2433","no","no"
"2435","no","no"
"2439","no","no"
"2442","no","no"
"2443","no","no"
"2444","no","no"
"2445","no","no"
"2447","no","no"
"2452","no","no"
"2457","no","no"
"2460","no","no"
"2461","no","no"
"2463","no","no"
"2464","no","no"
"2471","no","no"
"2479","no","no"
"2487","no","no"
"2489","no","no"
"2492","no","no"
"2493","no","no"
"2500","no","no"
"2503","no","no"
"2506","no","no"
"2508","no","no"
"2509","no","no"
"2511","no","no"
"2512","no","no"
"2514","no","no"
"2517","no","no"
"2520","no","no"
"2528","no","no"
"2529","no","no"
"2530","no","no"
"2532","no","no"
"2535","no","no"
"2536","no","no"
"2539","no","no"
"2542","no","no"
"2544","no","no"
"2547","no","no"
"2549","no","no"
"2550","no","no"
"2556","no","no"
"2557","no","no"
"2567","no","no"
"2572","no","no"
"2573","no","no"
"2576","no","no"
"2578","no","no"
"2581","no","no"
"2593","no","no"
"2599","no","no"
"2601","no","no"
"2608","no","no"
"2611","no","no"
"2613","no","no"
"2614","no","no"
"2620","no","no"
"2622","no","no"
"2624","no","no"
"2630","no","no"
"2631","no","no"
"2633","no","no"
"2636","no","no"
"2641","no","no"
"2642","no","no"
"2643","no","no"
"2644","no","no"
"2646","no","no"
"2660","no","no"
"2661","no","no"
"2662","no","no"
"2664","no","no"
"2665","no","no"
"2668","no","no"
"2680","no","no"
"2686","no","no"
"2699","no","no"
"2702","no","no"
"2704","yes","no"
"2708","no","no"
"2716","no","no"
"2721","no","no"
"2725","no","no"
"2727","no","no"
"2729","no","no"
"2732","no","no"
"2734","no","no"
"2736","no","no"
"2738","no","no"
"2740","no","no"
"2745","no","no"
"2746","no","no"
"2751","no","no"
"2753","no","no"
"2755","no","no"
"2763","no","no"
"2767","no","no"
"2768","no","no"
"2772","no","no"
"2777","no","no"
"2786","no","no"
"2790","no","no"
"2791","no","no"
"2792","no","no"
"2793","no","no"
"2798","no","no"
"2802","no","no"
"2803","no","no"
"2805","no","no"
"2806","no","no"
"2807","no","no"
"2818","no","no"
"2821","no","no"
"2825","no","no"
"2827","no","no"
"2834","no","no"
"2837","no","no"
"2843","no","no"
"2844","no","no"
"2851","no","no"
"2855","no","no"
"2856","no","no"
"2857","no","no"
"2858","no","no"
"2864","no","no"
"2869","no","no"
"2876","no","no"
"2882","no","no"
"2885","no","no"
"2886","no","no"
"2887","no","no"
"2888","no","no"
"2889","no","no"
"2893","no","no"
"2895","no","no"
"2897","no","no"
"2898","no","no"
"2903","no","no"
"2904","no","no"
"2910","no","no"
"2912","no","no"
"2913","no","no"
"2919","no","no"
"2920","no","no"
"2924","no","no"
"2926","no","no"
"2934","no","no"
"2935","no","no"
"2937","no","no"
"2951","no","no"
"2972","no","no"
"2977","no","no"
"2983","no","no"
"2984","no","no"
"2985","no","no"
"2989","no","no"
"2990","no","no"
"2991","no","no"
"2998","no","no"
"3000","no","no"
"3001","no","no"
"3002","no","no"
"3012","no","no"
"3013","no","no"
"3017","no","no"
"3018","no","no"
"3026","no","no"
"3027","no","no"
"3028","no","no"
"3038","no","no"
"3040","no","no"
"3041","no","no"
"3043","no","no"
"3046","no","no"
"3048","no","no"
"3054","no","no"
"3056","no","no"
"3057","no","no"
"3061","no","no"
"3064","no","no"
"3065","no","no"
"3067","no","no"
"3070","no","no"
"3072","no","no"
"3079","no","no"
"3083","no","no"
"3085","no","no"
"3087","no","no"
"3089","no","no"
"3090","no","no"
"3092","no","no"
"3099","no","no"
"3105","no","no"
"3106","no","no"
"3108","no","no"
"3109","no","no"
"3115","no","no"
"3119","no","no"
"3120","no","no"
"3123","no","no"
"3125","no","no"
"3127","no","no"
"3129","no","no"
"3131","no","no"
"3133","no","no"
"3139","no","no"
"3141","no","no"
"3144","no","no"
"3154","no","no"
"3158","no","no"
"3159","no","no"
"3163","no","no"
"3170","no","no"
"3171","no","no"
"3175","no","no"
"3176","no","no"
"3182","no","no"
"3184","no","no"
"3191","no","no"
"3196","no","no"
"3197","no","no"
"3198","no","no"
"3200","no","no"
"3202","no","no"
"3204","no","no"
"3207","no","no"
"3209","no","no"
"3213","no","no"
"3216","no","no"
"3217","no","no"
"3222","no","no"
"3223","no","no"
"3224","no","no"
"3235","no","no"
"3237","no","no"
"3245","no","no"
"3247","no","no"
"3250","no","no"
"3251","no","no"
"3252","no","no"
"3256","no","no"
"3258","no","no"
"3259","no","no"
"3261","no","no"
"3265","no","no"
"3267","no","no"
"3271","no","no"
"3274","no","no"
"3275","no","no"
"3277","no","no"
"3280","no","no"
"3281","no","no"
"3282","no","no"
"3285","no","no"
"3287","no","no"
"3288","no","no"
"3289","no","no"
"3293","no","no"
"3297","no","no"
"3305","no","no"
"3312","no","no"
"3313","no","no"
"3317","no","no"
"3318","no","no"
"3322","no","no"
"3323","no","no"
"3325","no","no"
"3330","no","no"
"3335","no","no"
"3337","no","no"
"3342","no","no"
"3344","no","no"
"3345","no","no"
"3346","no","no"
"3348","no","no"
"3349","no","no"
"3361","no","no"
"3362","no","no"
"3363","no","no"
"3365","no","no"
"3366","no","no"
"3367","no","no"
"3369","no","no"
"3370","no","no"
"3375","no","no"
"3379","no","no"
"3381","no","no"
"3394","no","no"
"3395","no","no"
"3396","no","no"
"3400","no","no"
"3402","no","no"
"3404","no","no"
"3406","no","no"
"3412","no","no"
"3414","no","no"
"3416","no","no"
"3418","no","no"
"3419","no","no"
"3420","no","no"
"3425","no","no"
"3428","no","no"
"3434","no","no"
"3435","no","no"
"3438","no","no"
"3441","no","no"
"3445","no","no"
"3446","no","no"
"3451","no","no"
"3454","no","no"
"3455","no","no"
"3456","no","no"
"3461","no","no"
"3466","no","no"
"3468","no","no"
"3470","no","no"
"3471","no","no"
"3476","no","no"
"3487","no","no"
"3491","no","no"
"3495","no","no"
"3496","no","no"
"3500","no","no"
"3504","no","no"
"3505","no","no"
"3506","no","no"
"3508","no","no"
"3509","no","no"
"3510","no","no"
"3517","no","no"
"3518","no","no"
"3522","no","no"
"3525","no","no"
"3526","no","no"
"3534","no","no"
"3537","no","no"
"3542","no","no"
"3544","no","no"
"3545","no","no"
"3550","no","no"
"3552","no","no"
"3557","no","no"
"3564","no","no"
"3566","no","no"
"3574","no","no"
"3578","no","no"
"3579","no","no"
"3580","no","no"
"3581","no","no"
"3585","no","no"
"3588","no","no"
"3596","no","no"
"3600","no","no"
"3608","no","no"
"3611","no","no"
"3612","no","no"
"3615","no","no"
"3617","no","no"
"3623","no","no"
"3641","no","no"
"3643","no","no"
"3644","no","no"
"3646","no","no"
"3655","no","no"
"3657","no","no"
"3667","no","no"
"3670","no","no"
"3676","no","no"
"3679","no","no"
"3682","no","no"
"3683","no","no"
"3686","no","no"
"3689","no","no"
"3690","no","no"
"3691","no","no"
"3692","no","no"
"3693","no","no"
"3695","no","no"
"3698","no","no"
"3699","no","no"
"3704","no","no"
"3714","no","no"
"3715","no","no"
"3716","no","no"
"3718","no","no"
"3725","no","no"
"3726","no","no"
"3734","no","no"
"3735","no","no"
"3738","no","no"
"3744","no","no"
"3747","no","no"
"3750","no","no"
"3751","no","no"
"3753","no","no"
"3756","no","no"
"3761","no","no"
"3763","no","no"
"3767","no","no"
"3772","no","no"
"3774","no","no"
"3777","no","no"
"3780","no","no"
"3782","no","no"
"3784","no","no"
"3788","no","no"
"3795","no","no"
"3799","no","no"
"3801","no","no"
"3803","no","no"
"3808","no","no"
"3809","no","no"
"3826","no","no"
"3827","no","no"
"3828","no","no"
"3834","no","no"
"3835","no","no"
"3838","no","no"
"3839","no","no"
"3843","no","no"
"3845","no","no"
"3846","no","no"
"3847","no","no"
"3850","no","no"
"3851","no","no"
"3852","no","no"
"3856","no","no"
"3860","no","no"
"3870","no","no"
"3881","no","no"
"3887","no","no"
"3891","yes","no"
"3895","no","no"
"3901","no","no"
"3905","no","no"
"3906","no","no"
"3907","no","no"
"3908","no","no"
"3909","no","no"
"3912","no","no"
"3913","no","no"
"3914","no","no"
"3923","no","no"
"3925","no","no"
"3927","no","no"
"3932","no","no"
"3934","no","no"
"3936","no","no"
"3937","no","no"
"3941","no","no"
"3957","no","no"
"3969","no","no"
"3970","no","no"
"3971","no","no"
"3973","no","no"
"3975","no","no"
"3977","no","no"
"3979","no","no"
"3980","no","no"
"3981","no","no"
"3991","no","no"
"3994","no","no"
"3995","no","no"
"3998","no","no"
"3999","no","no"
"4003","no","no"
"4004","no","no"
"4007","no","no"
"4012","no","no"
"4017","no","no"
"4019","no","no"
"4020","no","no"
"4026","no","no"
"4028","no","no"
"4031","no","no"
"4034","no","no"
"4039","no","no"
"4040","no","no"
"4041","no","no"
"4042","no","no"
"4045","no","no"
"4047","no","no"
"4048","no","no"
"4053","no","no"
"4055","no","no"
"4057","no","no"
"4058","no","no"
"4071","no","no"
"4073","no","no"
"4074","no","no"
"4076","no","no"
"4077","no","no"
"4083","no","no"
"4086","no","no"
"4088","no","no"
"4090","no","no"
"4102","no","no"
"4105","no","no"
"4111","no","no"
"4114","no","no"
"4116","no","no"
"4117","no","no"
"4118","no","no"
"4132","no","no"
"4133","no","no"
"4134","no","no"
"4135","no","no"
"4136","no","no"
"4137","no","no"
"4142","no","no"
"4143","no","no"
"4145","no","no"
"4148","no","no"
"4149","no","no"
"4150","no","no"
"4151","no","no"
"4152","no","no"
"4153","no","no"
"4160","no","no"
"4175","no","no"
"4178","no","no"
"4180","no","no"
"4184","no","no"
"4188","no","no"
"4191","no","no"
"4192","no","no"
"4193","yes","no"
"4195","no","no"
"4199","no","no"
"4200","no","no"
"4201","no","no"
"4202","no","no"
"4206","no","no"
"4207","no","no"
"4219","no","no"
"4222","no","no"
"4224","no","no"
"4227","no","no"
"4229","no","no"
"4231","no","no"
"4234","no","no"
"4239","no","no"
"4240","no","no"
"4243","no","no"
"4248","no","no"
"4252","no","no"
"4261","no","no"
"4262","no","no"
"4263","no","no"
"4270","no","no"
"4275","no","no"
"4277","no","no"
"4278","no","no"
"4284","no","no"
"4287","no","no"
"4293","no","no"
"4294","no","no"
"4296","no","no"
"4302","no","no"
"4304","no","no"
"4308","no","no"
"4320","no","no"
"4324","no","no"
"4326","no","no"
"4329","no","no"
"4333","no","no"
"4335","no","no"
"4339","no","no"
"4343","no","no"
"4348","no","no"
"4349","no","no"
"4352","no","no"
"4355","no","no"
"4356","no","no"
"4357","no","no"
"4359","no","no"
"4360","no","no"
"4364","no","no"
"4365","no","no"
"4373","no","no"
"4376","no","no"
"4379","no","no"
"4381","no","no"
"4384","no","no"
"4385","no","no"
"4397","no","no"
"4404","no","no"
"4408","no","no"
"4416","no","no"
"4417","no","no"
"4423","no","no"
"4424","no","no"
"4429","no","no"
"4432","no","no"
"4436","no","no"
"4442","no","no"
"4447","no","no"
"4451","no","no"
"4454","no","no"
"4465","no","no"
"4474","no","no"
"4483","no","no"
"4485","no","no"
"4488","no","no"
"4490","no","no"
"4491","no","no"
"4495","no","no"
"4496","no","no"
"4497","no","no"
"4498","no","no"
"4501","no","no"
"4502","no","no"
"4504","no","no"
"4509","no","no"
"4511","no","no"
"4513","no","no"
"4515","no","no"
"4517","no","no"
"4518","no","no"
"4520","yes","no"
"4523","no","no"
"4524","no","no"
"4529","no","no"
"4534","no","no"
"4546","no","no"
"4549","no","no"
"4556","no","no"
"4558","no","no"
"4570","no","no"
"4578","no","no"
"4582","no","no"
"4595","no","no"
"4601","no","no"
"4602","no","no"
"4603","no","no"
"4611","no","no"
"4612","no","no"
"4616","no","no"
"4619","no","no"
"4622","no","no"
"4624","no","no"
"4626","no","no"
"4627","no","no"
"4633","no","no"
"4637","no","no"
"4641","no","no"
"4642","no","no"
"4645","no","no"
"4647","no","no"
"4657","no","no"
"4666","no","no"
"4676","no","no"
"4678","no","no"
"4679","no","no"
"4680","no","no"
"4681","no","no"
"4688","no","no"
"4689","no","no"
"4691","no","no"
"4696","no","no"
"4699","no","no"
"4700","no","no"
"4702","no","no"
"4704","no","no"
"4709","no","no"
"4713","no","no"
"4714","no","no"
"4718","no","no"
"4719","no","no"
"4721","no","no"
"4731","no","no"
"4735","no","no"
"4747","no","no"
"4750","no","no"
"4752","no","no"
"4754","no","no"
"4755","no","no"
"4759","no","no"
"4760","no","no"
"4761","no","no"
"4762","no","no"
"4766","no","no"
"4767","no","no"
"4770","no","no"
"4773","no","no"
"4774","no","no"
"4775","no","no"
"4778","no","no"
"4779","no","no"
"4782","no","no"
"4792","no","no"
"4793","no","no"
"4795","no","no"
"4799","no","no"
"4810","no","no"
"4817","no","no"
"4819","no","no"
"4820","no","no"
"4821","no","no"
"4822","no","no"
"4823","no","no"
"4826","no","no"
"4829","no","no"
"4831","no","no"
"4832","no","no"
"4833","no","no"
"4834","no","no"
"4841","no","no"
"4842","no","no"
"4848","no","no"
"4857","no","no"
"4859","no","no"
"4862","no","no"
"4864","no","no"
"4866","no","no"
"4871","no","no"
"4876","no","no"
"4879","no","no"
"4881","no","no"
"4882","no","no"
"4884","no","no"
"4889","no","no"
"4890","no","no"
"4894","no","no"
"4895","no","no"
"4903","no","no"
"4914","no","no"
"4917","no","no"
"4919","no","no"
"4921","no","no"
"4922","no","no"
"4925","no","no"
"4926","no","no"
"4935","no","no"
"4937","no","no"
"4938","no","no"
"4941","no","no"
"4943","no","no"
"4945","no","no"
"4959","no","no"
"4961","no","no"
"4962","no","no"
"4964","no","no"
"4965","no","no"
"4967","no","no"
"4969","no","no"
"4970","no","no"
"4974","no","no"
"4975","no","no"
"4983","yes","no"
"4987","no","no"
"4988","no","no"
"4994","no","no"
"5000","no","no"
"5004","no","no"
"5005","no","no"
"5008","no","no"
"5009","no","no"
"5013","no","no"
"5017","no","no"
"5021","no","no"
"5025","no","no"
"5026","no","no"
"5029","no","no"
"5031","no","no"
"5033","no","no"
"5034","no","no"
"5035","no","no"
"5038","no","no"
"5039","no","no"
"5040","no","no"
"5043","no","no"
"5048","no","no"
"5050","no","no"
"5053","no","no"
"5057","no","no"
"5058","no","no"
"5060","no","no"
"5068","no","no"
"5070","no","no"
"5072","no","no"
"5073","no","no"
"5081","no","no"
"5089","no","no"
"5094","no","no"
"5095","no","no"
"5102","no","no"
"5104","no","no"
"5111","no","no"
"5112","no","no"
"5123","no","no"
"5124","no","no"
"5126","no","no"
"5128","no","no"
"5134","no","no"
"5136","no","no"
"5138","no","no"
"5141","no","no"
"5142","no","no"
"5143","no","no"
"5149","no","no"
"5150","no","no"
"5151","no","no"
"5152","no","no"
"5154","no","no"
"5161","no","no"
"5163","no","no"
"5166","no","no"
"5168","no","no"
"5171","no","no"
"5185","no","no"
"5186","no","no"
"5189","no","no"
"5199","no","no"
"5206","no","no"
"5207","no","no"
"5212","no","no"
"5214","no","no"
"5215","no","no"
"5219","no","no"
"5220","no","no"
"5221","no","no"
"5223","no","no"
"5227","no","no"
"5229","no","no"
"5231","no","no"
"5233","no","no"
"5235","no","no"
"5238","no","no"
"5251","no","no"
"5257","no","no"
"5258","no","no"
"5260","no","no"
"5268","no","no"
"5269","no","no"
"5275","no","no"
"5281","no","no"
"5286","no","no"
"5289","no","no"
"5292","no","no"
"5294","no","no"
"5296","no","no"
"5304","no","no"
"5307","no","no"
"5318","no","no"
"5321","no","no"
"5322","no","no"
"5324","no","no"
"5327","no","no"
"5328","no","no"
"5331","no","no"
"5336","no","no"
"5344","no","no"
"5345","no","no"
"5348","no","no"
"5356","no","no"
"5360","no","no"
"5363","no","no"
"5366","no","no"
"5369","no","no"
"5370","no","no"
"5373","no","no"
"5375","no","no"
"5378","no","no"
"5383","no","no"
"5385","no","no"
"5387","no","no"
"5396","no","no"
"5403","no","no"
"5409","no","no"
"5410","no","no"
"5413","no","no"
"5418","no","no"
"5420","no","no"
"5421","no","no"
"5422","no","no"
"5423","no","no"
"5425","no","no"
"5436","no","no"
"5437","no","no"
"5444","no","no"
"5445","no","no"
"5446","no","no"
"5450","no","no"
"5459","no","no"
"5460","no","no"
"5464","no","no"
"5466","no","no"
"5472","no","no"
"5477","no","no"
"5480","no","no"
"5484","no","no"
"5485","no","no"
"5487","no","no"
"5488","no","no"
"5490","no","no"
"5493","no","no"
"5495","no","no"
"5496","no","no"
"5497","no","no"
"5498","no","no"
"5502","no","no"
"5504","no","no"
"5505","no","no"
"5507","no","no"
"5524","no","no"
"5526","no","no"
"5529","no","no"
"5536","no","no"
"5537","no","no"
"5540","no","no"
"5549","no","no"
"5551","no","no"
"5552","no","no"
"5555","no","no"
"5556","no","no"
"5557","no","no"
"5559","no","no"
"5565","no","no"
"5571","no","no"
"5572","no","no"
"5573","no","no"
"5575","no","no"
"5585","no","no"
"5586","no","no"
"5588","no","no"
"5589","no","no"
"5592","no","no"
"5594","no","no"
"5596","no","no"
"5600","no","no"
"5601","no","no"
"5602","no","no"
"5604","no","no"
"5609","no","no"
"5610","no","no"
"5614","no","no"
"5621","no","no"
"5629","no","no"
"5634","no","no"
"5636","no","no"
"5638","no","no"
"5639","no","no"
"5640","no","no"
"5645","no","no"
"5646","no","no"
"5652","no","no"
"5657","no","no"
"5662","no","no"
"5663","no","no"
"5666","no","no"
"5668","no","no"
"5676","no","no"
"5678","no","no"
"5679","no","no"
"5680","no","no"
"5682","no","no"
"5685","no","no"
"5687","no","no"
"5690","no","no"
"5692","no","no"
"5694","no","no"
"5696","no","no"
"5698","no","no"
"5700","no","no"
"5707","no","no"
"5709","no","no"
"5712","no","no"
"5713","no","no"
"5722","no","no"
"5723","no","no"
"5725","no","no"
"5726","no","no"
"5727","no","no"
"5729","no","no"
"5733","no","no"
"5737","no","no"
"5738","no","no"
"5741","no","no"
"5753","no","no"
"5755","no","no"
"5757","no","no"
"5759","no","no"
"5762","no","no"
"5768","no","no"
"5769","no","no"
"5775","no","no"
"5776","no","no"
"5777","no","no"
"5778","no","no"
"5782","no","no"
"5783","no","no"
"5785","no","no"
"5787","no","no"
"5788","no","no"
"5790","no","no"
"5800","no","no"
"5824","no","no"
"5827","no","no"
"5830","no","no"
"5832","no","no"
"5836","no","no"
"5839","no","no"
"5840","no","no"
"5851","no","no"
"5852","no","no"
"5853","no","no"
"5856","no","no"
"5858","no","no"
"5861","no","no"
"5865","no","no"
"5868","no","no"
"5871","no","no"
"5887","no","no"
"5888","no","no"
"5898","no","no"
"5901","no","no"
"5902","no","no"
"5903","no","no"
"5904","no","no"
"5909","no","no"
"5911","no","no"
"5912","no","no"
"5913","no","no"
"5914","no","no"
"5915","no","no"
"5920","no","no"
"5922","no","no"
"5923","no","no"
"5931","no","no"
"5936","no","no"
"5939","no","no"
"5941","no","no"
"5944","no","no"
"5952","no","no"
"5955","no","no"
"5957","no","no"
"5960","no","no"
"5973","no","no"
"5974","no","no"
"5976","no","no"
"5977","no","no"
"5979","no","no"
"5983","no","no"
"5985","no","no"
"5989","no","no"
"5994","no","no"
"5996","no","no"
"5997","no","no"
"6000","no","no"
"6001","no","no"
"6002","no","no"
"6006","no","no"
"6007","no","no"
"6010","no","no"
"6012","no","no"
"6013","no","no"
"6014","no","no"
"6017","no","no"
"6018","no","no"
"6025","no","no"
"6031","no","no"
"6032","no","no"
"6037","no","no"
"6039","no","no"
"6040","no","no"
"6048","no","no"
"6049","no","no"
"6050","no","no"
"6052","no","no"
"6053","no","no"
"6059","no","no"
"6060","no","no"
"6064","no","no"
"6066","no","no"
"6067","no","no"
"6069","no","no"
"6072","no","no"
"6074","no","no"
"6076","no","no"
"6079","no","no"
"6081","no","no"
"6088","no","no"
"6090","no","no"
"6091","no","no"
"6093","no","no"
"6097","no","no"
"6098","no","no"
"6099","no","no"
"6101","no","no"
"6108","no","no"
"6109","no","no"
"6111","no","no"
"6114","no","no"
"6121","no","no"
"6123","no","no"
"6124","no","no"
"6132","no","no"
"6138","no","no"
"6144","no","no"
"6146","no","no"
"6150","no","no"
"6159","no","no"
"6163","no","no"
"6164","no","no"
"6166","no","no"
"6169","no","no"
"6173","no","no"
"6174","no","no"
"6177","no","no"
"6180","no","no"
"6181","no","no"
"6183","no","no"
"6184","no","no"
"6189","no","no"
"6193","no","no"
"6199","no","no"
"6200","no","no"
"6202","no","no"
"6203","no","no"
"6205","no","no"
"6211","no","no"
"6212","no","no"
"6224","no","no"
"6225","no","no"
"6227","no","no"
"6229","no","no"
"6230","no","no"
"6231","no","no"
"6234","no","no"
"6247","no","no"
"6250","no","no"
"6255","no","no"
"6261","no","no"
"6262","no","no"
"6263","no","no"
"6264","yes","no"
"6268","no","no"
"6269","no","no"
"6274","no","no"
"6275","no","no"
"6278","no","no"
"6280","no","no"
"6282","no","no"
"6283","no","no"
"6285","no","no"
"6286","no","no"
"6290","no","no"
"6291","yes","no"
"6295","no","no"
"6296","no","no"
"6300","no","no"
"6302","no","no"
"6304","no","no"
"6305","no","no"
"6308","no","no"
"6310","no","no"
"6312","no","no"
"6320","no","no"
"6321","no","no"
"6323","no","no"
"6330","no","no"
"6337","no","no"
"6339","no","no"
"6342","no","no"
"6347","no","no"
"6353","no","no"
"6355","no","no"
"6357","no","no"
"6358","no","no"
"6360","no","no"
"6363","no","no"
"6365","no","no"
"6366","no","no"
"6368","no","no"
"6375","no","no"
"6377","no","no"
"6389","no","no"
"6392","no","no"
"6404","no","no"
"6419","no","no"
"6422","no","no"
"6424","no","no"
"6425","no","no"
"6432","no","no"
"6435","no","no"
"6436","no","no"
"6442","no","no"
"6448","no","no"
"6452","no","no"
"6453","no","no"
"6454","no","no"
"6455","no","no"
"6458","no","no"
"6459","no","no"
"6465","no","no"
"6466","no","no"
"6471","no","no"
"6476","no","no"
"6479","no","no"
"6483","no","no"
"6484","no","no"
"6489","no","no"
"6494","no","no"
"6498","no","no"
"6501","no","no"
"6506","no","no"
"6508","no","no"
"6522","no","no"
"6525","no","no"
"6528","no","no"
"6529","no","no"
"6530","no","no"
"6531","no","no"
"6532","no","no"
"6540","no","no"
"6542","no","no"
"6546","no","no"
"6550","no","no"
"6553","no","no"
"6556","no","no"
"6558","no","no"
"6560","no","no"
"6563","no","no"
"6564","no","no"
"6566","no","no"
"6568","no","no"
"6576","no","no"
"6577","no","no"
"6579","no","no"
"6590","no","no"
"6591","no","no"
"6592","no","no"
"6593","no","no"
"6603","no","no"
"6609","no","no"
"6611","no","no"
"6612","no","no"
"6617","no","no"
"6619","no","no"
"6623","no","no"
"6624","no","no"
"6633","no","no"
"6639","no","no"
"6646","no","no"
"6649","no","no"
"6651","no","no"
"6661","no","no"
"6662","no","no"
"6663","no","no"
"6670","no","no"
"6671","no","no"
"6673","no","no"
"6678","no","no"
"6682","no","no"
"6687","no","no"
"6688","no","no"
"6690","no","no"
"6693","no","no"
"6695","no","no"
"6699","no","no"
"6702","no","no"
"6708","no","no"
"6711","no","no"
"6712","no","no"
"6714","no","no"
"6716","no","no"
"6717","no","no"
"6725","no","no"
"6726","no","no"
"6728","no","no"
"6735","no","no"
"6736","no","no"
"6739","no","no"
"6741","no","no"
"6748","no","no"
"6751","no","no"
"6752","no","no"
"6755","no","no"
"6757","no","no"
"6758","no","no"
"6759","no","no"
"6760","no","no"
"6761","no","no"
"6762","no","no"
"6766","no","no"
"6769","no","no"
"6770","no","no"
"6774","no","no"
"6776","no","no"
"6779","no","no"
"6789","no","no"
"6793","no","no"
"6796","no","no"
"6800","no","no"
"6802","no","no"
"6806","no","no"
"6807","no","no"
"6809","no","no"
"6810","no","no"
"6813","no","no"
"6819","no","no"
"6821","no","no"
"6826","no","no"
"6829","no","no"
"6830","no","no"
"6831","no","no"
"6832","no","no"
"6833","no","no"
"6834","no","no"
"6837","no","no"
"6838","no","no"
"6840","no","no"
"6841","no","no"
"6848","no","no"
"6850","no","no"
"6854","no","no"
"6859","no","no"
"6864","no","no"
"6869","no","no"
"6874","no","no"
"6881","no","no"
"6882","no","no"
"6886","no","no"
"6890","yes","no"
"6891","no","no"
"6895","no","no"
"6897","yes","no"
"6905","no","no"
"6906","no","no"
"6912","no","no"
"6914","no","no"
"6918","no","no"
"6926","no","no"
"6934","no","no"
"6937","no","no"
"6940","no","no"
"6948","no","no"
"6954","no","no"
"6957","no","no"
"6959","no","no"
"6961","no","no"
"6965","no","no"
"6966","no","no"
"6967","no","no"
"6970","no","no"
"6974","no","no"
"6976","no","no"
"6979","no","no"
"6984","no","no"
"6986","no","no"
"6991","no","no"
"6994","no","no"
"6996","no","no"
"6999","no","no"
"7003","no","no"
"7004","no","no"
"7010","no","no"
"7013","no","no"
"7015","no","no"
"7020","no","no"
"7022","no","no"
"7033","no","no"
"7037","no","no"
"7038","no","no"
"7039","no","no"
"7040","no","no"
"7042","no","no"
"7043","no","no"
"7046","no","no"
"7051","no","no"
"7054","no","no"
"7055","no","no"
"7060","no","no"
"7061","no","no"
"7064","no","no"
"7066","no","no"
"7067","no","no"
"7069","no","no"
"7071","no","no"
"7072","no","no"
"7073","no","no"
"7083","no","no"
"7084","no","no"
"7085","no","no"
"7091","no","no"
"7093","no","no"
"7094","no","no"
"7106","no","no"
"7107","no","no"
"7110","no","no"
"7111","no","no"
"7115","no","no"
"7117","no","no"
"7119","no","no"
"7121","no","no"
"7125","no","no"
"7126","no","no"
"7135","no","no"
"7136","no","no"
"7140","no","no"
"7143","no","no"
"7149","no","no"
"7151","no","no"
"7158","no","no"
"7160","no","no"
"7165","no","no"
"7171","no","no"
"7175","no","no"
"7176","no","no"
"7186","no","no"
"7187","no","no"
"7188","no","no"
"7190","no","no"
"7192","no","no"
"7194","no","no"
"7197","no","no"
"7199","no","no"
"7200","no","no"
"7201","no","no"
"7204","no","no"
"7208","no","no"
"7210","no","no"
"7212","no","no"
"7215","no","no"
"7222","no","no"
"7223","no","no"
"7224","yes","no"
"7226","no","no"
"7235","no","no"
"7237","no","no"
"7238","no","no"
"7256","no","no"
"7257","no","no"
"7259","no","no"
"7262","no","no"
"7268","no","no"
"7271","no","no"
"7275","no","no"
"7278","no","no"
"7282","no","no"
"7287","no","no"
"7289","no","no"
"7291","no","no"
"7292","no","no"
"7295","no","no"
"7296","no","no"
"7302","no","no"
"7308","no","no"
"7311","no","no"
"7314","no","no"
"7317","no","no"
"7327","no","no"
"7329","no","no"
"7331","no","no"
"7332","no","no"
"7333","no","no"
"7337","no","no"
"7340","no","no"
"7357","no","no"
"7358","no","no"
"7361","no","no"
"7366","no","no"
"7367","no","no"
"7379","no","no"
"7380","no","no"
"7384","no","no"
"7385","no","no"
"7387","no","no"
"7388","no","no"
"7390","no","no"
"7397","no","no"
"7399","no","no"
"7404","no","no"
"7405","no","no"
"7410","no","no"
"7416","no","no"
"7419","no","no"
"7421","no","no"
"7424","no","no"
"7425","no","no"
"7426","no","no"
"7427","no","no"
"7428","no","no"
"7429","no","no"
"7430","no","no"
"7432","no","no"
"7434","no","no"
"7436","no","no"
"7440","no","no"
"7444","yes","no"
"7448","no","no"
"7455","no","no"
"7461","no","no"
"7465","no","no"
"7466","no","no"
"7468","no","no"
"7471","no","no"
"7475","no","no"
"7478","no","no"
"7482","no","no"
"7483","no","no"
"7484","no","no"
"7487","no","no"
"7488","no","no"
"7489","no","no"
"7491","no","no"
"7493","no","no"
"7494","no","no"
"7499","no","no"
"7504","no","no"
"7508","no","no"
"7510","no","no"
"7511","no","no"
"7512","no","no"
"7513","no","no"
"7518","no","no"
"7520","no","no"
"7522","no","no"
"7523","no","no"
"7524","no","no"
"7529","no","no"
"7532","no","no"
"7534","no","no"
"7535","no","no"
"7537","no","no"
"7538","no","no"
"7539","no","no"
"7541","no","no"
"7543","no","no"
"7548","no","no"
"7550","no","no"
"7562","no","no"
"7566","no","no"
"7569","no","no"
"7570","no","no"
"7575","no","no"
"7579","no","no"
"7581","no","no"
"7587","no","no"
"7591","no","no"
"7594","no","no"
"7598","no","no"
"7599","no","no"
"7607","no","no"
"7609","no","no"
"7615","no","no"
"7620","no","no"
"7622","no","no"
"7623","no","no"
"7627","no","no"
"7628","no","no"
"7630","no","no"
"7632","no","no"
"7643","no","no"
"7644","no","no"
"7647","no","no"
"7648","no","no"
"7651","no","no"
"7661","no","no"
"7663","no","no"
"7665","no","no"
"7677","no","no"
"7679","no","no"
"7680","no","no"
"7683","no","no"
"7685","no","no"
"7698","no","no"
"7699","no","no"
"7700","no","no"
"7703","no","no"
"7704","no","no"
"7709","no","no"
"7710","no","no"
"7716","no","no"
"7718","no","no"
"7724","no","no"
"7726","no","no"
"7727","no","no"
"7729","no","no"
"7733","no","no"
"7734","no","no"
"7735","no","no"
"7739","no","no"
"7744","no","no"
"7745","no","no"
"7747","no","no"
"7755","no","no"
"7758","no","no"
"7760","no","no"
"7767","no","no"
"7772","no","no"
"7775","no","no"
"7776","no","no"
"7777","no","no"
"7779","no","no"
"7782","no","no"
"7784","no","no"
"7794","no","no"
"7799","yes","no"
"7802","no","no"
"7803","no","no"
"7804","no","no"
"7810","no","no"
"7813","no","no"
"7815","no","no"
"7818","no","no"
"7821","no","no"
"7822","no","no"
"7823","no","no"
"7828","no","no"
"7833","no","no"
"7837","no","no"
"7840","no","no"
"7843","no","no"
"7849","no","no"
"7851","no","no"
"7857","no","no"
"7858","no","no"
"7859","no","no"
"7865","no","no"
"7868","no","no"
"7869","no","no"
"7870","no","no"
"7876","no","no"
"7878","yes","no"
"7879","no","no"
"7885","no","no"
"7886","no","no"
"7887","no","no"
"7888","no","no"
"7893","no","no"
"7894","no","no"
"7896","no","no"
"7897","no","no"
"7901","no","no"
"7904","no","no"
"7912","no","no"
"7915","no","no"
"7916","no","no"
"7932","no","no"
"7936","no","no"
"7940","no","no"
"7943","no","no"
"7947","no","no"
"7949","no","no"
"7951","no","no"
"7952","no","no"
"7953","yes","no"
"7956","no","no"
"7959","no","no"
"7960","no","no"
"7967","no","no"
"7968","no","no"
"7975","no","no"
"7992","no","no"
"7993","no","no"
"7994","no","no"
"8001","no","no"
"8002","no","no"
"8003","no","no"
"8008","no","no"
"8013","no","no"
"8030","no","no"
"8032","no","no"
"8035","no","no"
"8039","no","no"
"8045","no","no"
"8047","no","no"
"8052","no","no"
"8059","no","no"
"8061","no","no"
"8062","no","no"
"8065","no","no"
"8071","no","no"
"8076","no","no"
"8077","no","no"
"8087","no","no"
"8088","no","no"
"8090","no","no"
"8091","no","no"
"8092","no","no"
"8100","no","no"
"8102","no","no"
"8104","no","no"
"8108","no","no"
"8112","no","no"
"8115","no","no"
"8119","no","no"
"8120","no","no"
"8121","no","no"
"8123","no","no"
"8124","no","no"
"8128","no","no"
"8130","no","no"
"8135","no","no"
"8136","no","no"
"8137","no","no"
"8144","no","no"
"8149","no","no"
"8152","no","no"
"8156","no","no"
"8161","no","no"
"8164","no","no"
"8173","no","no"
"8174","no","no"
"8179","no","no"
"8180","no","no"
"8182","no","no"
"8183","no","no"
"8184","no","no"
"8191","no","no"
"8192","no","no"
"8196","no","no"
"8201","no","no"
"8204","no","no"
"8207","no","no"
"8211","no","no"
"8215","no","no"
"8217","no","no"
"8220","no","no"
"8226","no","no"
"8227","no","no"
"8228","no","no"
"8229","no","no"
"8230","no","no"
"8232","no","no"
"8233","no","no"
"8242","no","no"
"8247","no","no"
"8250","no","no"
"8253","no","no"
"8262","no","no"
"8272","no","no"
"8274","no","no"
"8281","no","no"
"8291","no","no"
"8295","no","no"
"8300","no","no"
"8302","no","no"
"8310","no","no"
"8311","no","no"
"8312","no","no"
"8323","no","no"
"8324","no","no"
"8327","no","no"
"8330","no","no"
"8333","no","no"
"8337","no","no"
"8338","no","no"
"8341","no","no"
"8344","no","no"
"8346","no","no"
"8348","no","no"
"8349","no","no"
"8350","no","no"
"8351","no","no"
"8376","no","no"
"8377","no","no"
"8378","no","no"
"8384","no","no"
"8385","no","no"
"8388","no","no"
"8391","no","no"
"8397","no","no"
"8399","no","no"
"8403","no","no"
"8404","no","no"
"8405","no","no"
"8406","no","no"
"8407","no","no"
"8410","no","no"
"8412","no","no"
"8416","no","no"
"8419","no","no"
"8420","no","no"
"8429","no","no"
"8431","no","no"
"8433","no","no"
"8436","no","no"
"8437","no","no"
"8438","no","no"
"8444","no","no"
"8445","no","no"
"8448","no","no"
"8450","no","no"
"8454","no","no"
"8456","no","no"
"8461","no","no"
"8463","no","no"
"8466","no","no"
"8467","no","no"
"8470","no","no"
"8474","no","no"
"8475","no","no"
"8477","no","no"
"8481","no","no"
"8482","no","no"
"8483","no","no"
"8486","no","no"
"8487","no","no"
"8492","no","no"
"8493","no","no"
"8496","no","no"
"8503","no","no"
"8504","no","no"
"8505","no","no"
"8508","no","no"
"8509","no","no"
"8510","no","no"
"8512","no","no"
"8516","no","no"
"8517","no","no"
"8520","no","no"
"8525","no","no"
"8526","no","no"
"8529","no","no"
"8531","no","no"
"8535","no","no"
"8536","no","no"
"8544","no","no"
"8545","no","no"
"8547","no","no"
"8548","no","no"
"8549","no","no"
"8552","no","no"
"8553","no","no"
"8568","no","no"
"8569","no","no"
"8571","no","no"
"8572","no","no"
"8583","no","no"
"8585","no","no"
"8586","no","no"
"8596","no","no"
"8609","no","no"
"8613","no","no"
"8621","no","no"
"8624","no","no"
"8625","no","no"
"8626","no","no"
"8627","no","no"
"8628","no","no"
"8629","no","no"
"8631","no","no"
"8633","no","no"
"8634","no","no"
"8636","no","no"
"8640","no","no"
"8642","no","no"
"8647","no","no"
"8648","no","no"
"8656","no","no"
"8658","no","no"
"8661","no","no"
"8665","no","no"
"8667","no","no"
"8674","no","no"
"8676","no","no"
"8677","no","no"
"8679","no","no"
"8681","no","no"
"8683","yes","no"
"8684","no","no"
"8685","no","no"
"8686","no","no"
"8689","no","no"
"8690","no","no"
"8691","no","no"
"8694","no","no"
"8698","no","no"
"8699","no","no"
"8700","no","no"
"8703","no","no"
"8705","no","no"
"8707","no","no"
"8708","no","no"
"8714","no","no"
"8715","no","no"
"8718","no","no"
"8722","no","no"
"8724","no","no"
"8730","no","no"
"8732","no","no"
"8735","no","no"
"8736","no","no"
"8739","no","no"
"8741","no","no"
"8750","no","no"
"8753","no","no"
"8754","no","no"
"8755","no","no"
"8756","no","no"
"8762","no","no"
"8764","no","no"
"8765","no","no"
"8766","no","no"
"8771","no","no"
"8773","no","no"
"8774","no","no"
"8775","no","no"
"8780","no","no"
"8781","no","no"
"8782","no","no"
"8783","no","no"
"8784","no","no"
"8792","no","no"
"8797","no","no"
"8801","no","no"
"8804","no","no"
"8805","no","no"
"8807","no","no"
"8811","no","no"
"8812","no","no"
"8826","no","no"
"8828","no","no"
"8832","no","no"
"8837","no","no"
"8838","no","no"
"8839","no","no"
"8845","no","no"
"8848","no","no"
"8850","no","no"
"8857","no","no"
"8858","no","no"
"8861","no","no"
"8870","no","no"
"8872","no","no"
"8873","no","no"
"8874","no","no"
"8879","no","no"
"8880","no","no"
"8881","no","no"
"8885","no","no"
"8886","no","no"
"8889","no","no"
"8891","no","no"
"8894","no","no"
"8897","no","no"
"8898","no","no"
"8902","no","no"
"8903","no","no"
"8904","no","no"
"8905","no","no"
"8907","no","no"
"8908","no","no"
"8916","no","no"
"8918","no","no"
"8924","no","no"
"8927","no","no"
"8928","no","no"
"8929","no","no"
"8931","no","no"
"8932","no","no"
"8936","no","no"
"8937","no","no"
"8940","no","no"
"8948","no","no"
"8949","no","no"
"8951","no","no"
"8957","no","no"
"8965","no","no"
"8969","no","no"
"8970","no","no"
"8971","no","no"
"8974","no","no"
"8979","no","no"
"8980","no","no"
"8981","no","no"
"8982","no","no"
"8983","no","no"
"8985","no","no"
"8992","no","no"
"8996","no","no"
"9002","no","no"
"9005","no","no"
"9006","no","no"
"9008","no","no"
"9009","no","no"
"9011","no","no"
"9012","no","no"
"9019","no","no"
"9020","no","no"
"9024","no","no"
"9030","no","no"
"9034","no","no"
"9036","no","no"
"9041","no","no"
"9046","no","no"
"9049","no","no"
"9050","no","no"
"9052","no","no"
"9053","no","no"
"9054","no","no"
"9058","no","no"
"9063","no","no"
"9064","no","no"
"9067","no","no"
"9078","no","no"
"9079","no","no"
"9083","no","no"
"9086","no","no"
"9096","no","no"
"9098","no","no"
"9101","no","no"
"9103","no","no"
"9109","no","no"
"9115","no","no"
"9116","no","no"
"9120","no","no"
"9125","no","no"
"9126","no","no"
"9130","no","no"
"9135","no","no"
"9138","no","no"
"9143","no","no"
"9153","no","no"
"9155","no","no"
"9161","no","no"
"9162","no","no"
"9163","no","no"
"9165","no","no"
"9172","no","no"
"9176","no","no"
"9177","no","no"
"9180","no","no"
"9182","no","no"
"9183","no","no"
"9185","no","no"
"9188","no","no"
"9191","no","no"
"9200","no","no"
"9203","no","no"
"9204","no","no"
"9211","no","no"
"9217","no","no"
"9218","no","no"
"9219","no","no"
"9224","no","no"
"9227","no","no"
"9228","no","no"
"9233","no","no"
"9237","no","no"
"9239","no","no"
"9242","no","no"
"9245","no","no"
"9246","no","no"
"9248","no","no"
"9249","no","no"
"9258","no","no"
"9260","no","no"
"9263","no","no"
"9265","no","no"
"9271","no","no"
"9274","no","no"
"9278","no","no"
"9280","no","no"
"9281","no","no"
"9282","no","no"
"9283","no","no"
"9289","no","no"
"9297","no","no"
"9298","no","no"
"9299","no","no"
"9302","no","no"
"9303","no","no"
"9309","no","no"
"9311","no","no"
"9312","no","no"
"9315","no","no"
"9316","no","no"
"9317","no","no"
"9318","no","no"
"9320","no","no"
"9321","no","no"
"9322","no","no"
"9330","no","no"
"9336","no","no"
"9340","no","no"
"9341","no","no"
"9348","no","no"
"9353","no","no"
"9356","no","no"
"9359","no","no"
"9362","no","no"
"9368","no","no"
"9370","no","no"
"9371","no","no"
"9374","no","no"
"9375","no","no"
"9387","no","no"
"9389","no","no"
"9393","no","no"
"9401","no","no"
"9404","no","no"
"9405","no","no"
"9406","no","no"
"9409","no","no"
"9414","no","no"
"9424","no","no"
"9427","no","no"
"9431","no","no"
"9435","no","no"
"9436","no","no"
"9437","no","no"
"9441","no","no"
"9443","no","no"
"9447","no","no"
"9452","no","no"
"9456","no","no"
"9457","no","no"
"9459","no","no"
"9463","no","no"
"9469","no","no"
"9470","no","no"
"9471","no","no"
"9472","no","no"
"9477","no","no"
"9478","no","no"
"9479","no","no"
"9483","no","no"
"9484","no","no"
"9491","no","no"
"9494","no","no"
"9496","no","no"
"9501","no","no"
"9503","no","no"
"9512","no","no"
"9516","no","no"
"9517","no","no"
"9518","no","no"
"9519","no","no"
"9521","no","no"
"9522","no","no"
"9527","no","no"
"9528","no","no"
"9529","no","no"
"9538","no","no"
"9543","no","no"
"9546","no","no"
"9557","no","no"
"9559","no","no"
"9563","no","no"
"9565","no","no"
"9567","no","no"
"9571","no","no"
"9578","no","no"
"9580","no","no"
"9582","no","no"
"9585","no","no"
"9588","no","no"
"9592","no","no"
"9595","no","no"
"9600","no","no"
"9602","no","no"
"9604","no","no"
"9605","no","no"
"9614","no","no"
"9616","no","no"
"9617","no","no"
"9618","no","no"
"9620","no","no"
"9621","no","no"
"9623","no","no"
"9624","no","no"
"9630","no","no"
"9634","no","no"
"9636","no","no"
"9637","no","no"
"9638","no","no"
"9639","no","no"
"9646","no","no"
"9650","no","no"
"9653","no","no"
"9654","no","no"
"9655","no","no"
"9657","no","no"
"9658","no","no"
"9659","no","no"
"9665","no","no"
"9666","no","no"
"9667","no","no"
"9669","no","no"
"9679","no","no"
"9684","no","no"
"9689","no","no"
"9692","no","no"
"9697","no","no"
"9699","no","no"
"9700","no","no"
"9702","no","no"
"9710","no","no"
"9711","no","no"
"9712","no","no"
"9715","no","no"
"9719","no","no"
"9721","no","no"
"9724","no","no"
"9725","no","no"
"9726","no","no"
"9732","no","no"
"9733","no","no"
"9736","no","no"
"9742","no","no"
"9745","no","no"
"9746","no","no"
"9754","no","no"
"9758","no","no"
"9766","no","no"
"9767","no","no"
"9775","no","no"
"9790","no","no"
"9794","no","no"
"9796","no","no"
"9808","no","no"
"9809","no","no"
"9811","no","no"
"9815","no","no"
"9816","no","no"
"9820","no","no"
"9821","no","no"
"9822","no","no"
"9827","no","no"
"9832","no","no"
"9835","no","no"
"9849","no","no"
"9852","no","no"
"9856","no","no"
"9861","no","no"
"9862","no","no"
"9867","no","no"
"9868","no","no"
"9872","no","no"
"9875","no","no"
"9876","no","no"
"9881","no","no"
"9883","no","no"
"9884","no","no"
"9885","no","no"
"9888","no","no"
"9890","no","no"
"9894","no","no"
"9896","no","no"
"9897","no","no"
"9901","no","no"
"9906","no","no"
"9910","no","no"
"9911","no","no"
"9912","no","no"
"9918","no","no"
"9921","no","no"
"9925","no","no"
"9926","no","no"
"9928","no","no"
"9929","no","no"
"9933","no","no"
"9935","no","no"
"9939","no","no"
"9943","no","no"
"9947","no","no"
"9951","no","no"
"9953","no","no"
"9954","no","no"
"9961","no","no"
"9965","no","no"
"9976","no","no"
"9977","no","no"
"9981","no","no"
"9984","no","no"
"9989","no","no"
"9991","no","no"
"9992","no","no"
"9998","no","no"
"10009","no","no"
"10013","no","no"
"10020","no","no"
"10021","no","no"
"10023","no","no"
"10024","no","no"
"10025","no","no"
"10026","no","no"
"10027","no","no"
"10033","no","no"
"10034","no","no"
"10035","no","no"
"10036","no","no"
"10043","no","no"
"10045","no","no"
"10049","no","no"
"10050","no","no"
"10052","no","no"
"10059","no","no"
"10060","no","no"
"10064","no","no"
"10069","no","no"
"10070","no","no"
"10076","no","no"
"10085","no","no"
"10091","no","no"
"10097","no","no"
"10104","no","no"
"10106","no","no"
"10107","no","no"
"10108","no","no"
"10111","no","no"
"10114","no","no"
"10117","no","no"
"10119","no","no"
"10120","no","no"
"10122","no","no"
"10127","no","no"
"10128","no","no"
"10131","no","no"
"10133","no","no"
"10139","no","no"
"10140","no","no"
"10142","no","no"
"10148","no","no"
"10162","no","no"
"10164","no","no"
"10168","no","no"
"10172","no","no"
"10176","no","no"
"10179","no","no"
"10180","no","no"
"10182","no","no"
"10184","no","no"
"10188","no","no"
"10189","no","no"
"10190","no","no"
"10194","no","no"
"10199","no","no"
"10204","no","no"
"10211","no","no"
"10217","no","no"
"10218","no","no"
"10221","no","no"
"10224","yes","no"
"10225","no","no"
"10226","no","no"
"10228","no","no"
"10229","no","no"
"10231","no","no"
"10235","no","no"
"10238","no","no"
"10242","no","no"
"10243","no","no"
"10244","no","no"
"10246","no","no"
"10247","no","no"
"10248","no","no"
"10249","no","no"
"10250","no","no"
"10255","no","no"
"10257","no","no"
"10261","no","no"
"10265","no","no"
"10266","no","no"
"10270","no","no"
"10274","no","no"
"10276","no","no"
"10284","no","no"
"10285","no","no"
"10292","no","no"
"10296","no","no"
"10297","no","no"
"10299","no","no"
"10302","no","no"
"10305","no","no"
"10311","no","no"
"10316","no","no"
"10317","no","no"
"10321","no","no"
"10326","no","no"
"10329","no","no"
"10334","no","no"
"10335","no","no"
"10343","no","no"
"10347","no","no"
"10349","no","no"
"10352","no","no"
"10353","no","no"
"10354","no","no"
"10355","no","no"
"10363","no","no"
"10365","no","no"
"10367","no","no"
"10368","no","no"
"10372","no","no"
"10376","no","no"
"10377","no","no"
"10378","no","no"
"10380","no","no"
"10388","no","no"
"10389","no","no"
"10396","no","no"
"10398","no","no"
"10404","no","no"
"10406","no","no"
"10410","no","no"
"10413","no","no"
"10415","no","no"
"10417","no","no"
"10418","no","no"
"10425","no","no"
"10427","no","no"
"10431","no","no"
"10433","no","no"
"10434","no","no"
"10436","no","no"
"10442","no","no"
"10443","no","no"
"10446","no","no"
"10453","no","no"
"10462","no","no"
"10465","no","no"
"10466","no","no"
"10467","no","no"
"10479","no","no"
"10482","no","no"
"10483","no","no"
"10490","no","no"
"10493","no","no"
"10496","no","no"
"10500","no","no"
"10503","no","no"
"10504","no","no"
"10509","no","no"
"10514","no","no"
"10516","no","no"
"10520","no","no"
"10523","no","no"
"10527","no","no"
"10529","no","no"
"10530","no","no"
"10534","no","no"
"10537","no","no"
"10539","no","no"
"10543","no","no"
"10545","no","no"
"10550","no","no"
"10552","no","no"
"10559","no","no"
"10562","no","no"
"10563","no","no"
"10565","no","no"
"10566","no","no"
"10567","no","no"
"10569","no","no"
"10573","no","no"
"10574","no","no"
"10582","no","no"
"10583","no","no"
"10587","no","no"
"10589","no","no"
"10591","no","no"
"10592","no","no"
"10597","no","no"
"10601","no","no"
"10602","no","no"
"10603","no","no"
"10605","no","no"
"10606","no","no"
"10608","no","no"
"10609","no","no"
"10613","no","no"
"10621","no","no"
"10626","no","no"
"10628","no","no"
"10635","no","no"
"10637","no","no"
"10647","no","no"
"10661","no","no"
"10671","no","no"
"10672","yes","no"
"10677","no","no"
"10678","no","no"
"10683","no","no"
"10690","no","no"
"10691","no","no"
"10692","no","no"
"10694","no","no"
"10695","no","no"
"10699","no","no"
"10700","no","no"
"10704","no","no"
"10708","no","no"
"10710","no","no"
"10711","no","no"
"10714","no","no"
"10716","no","no"
"10717","no","no"
"10719","no","no"
"10720","no","no"
"10723","no","no"
"10726","no","no"
"10727","no","no"
"10728","no","no"
"10730","no","no"
"10735","no","no"
"10736","no","no"
"10738","no","no"
"10739","no","no"
"10740","no","no"
"10747","no","no"
"10752","no","no"
"10758","no","no"
"10764","no","no"
"10767","no","no"
"10769","no","no"
"10772","no","no"
"10775","no","no"
"10777","no","no"
"10779","no","no"
"10781","no","no"
"10788","no","no"
"10791","yes","no"
"10798","no","no"
"10799","no","no"
"10802","no","no"
"10803","no","no"
"10811","no","no"
"10816","no","no"
"10820","no","no"
"10821","no","no"
"10822","no","no"
"10823","no","no"
"10831","no","no"
"10835","no","no"
"10838","no","no"
"10843","no","no"
"10850","no","no"
"10853","no","no"
"10854","no","no"
"10856","no","no"
"10857","no","no"
"10864","no","no"
"10866","no","no"
"10867","no","no"
"10869","no","no"
"10875","no","no"
"10878","no","no"
"10881","no","no"
"10890","no","no"
"10894","no","no"
"10897","no","no"
"10901","no","no"
"10906","no","no"
"10907","no","no"
"10916","no","no"
"10918","no","no"
"10921","no","no"
"10924","no","no"
"10925","no","no"
"10927","no","no"
"10928","no","no"
"10934","no","no"
"10937","no","no"
"10938","no","no"
"10943","no","no"
"10944","no","no"
"10951","no","no"
"10954","no","no"
"10956","no","no"
"10960","no","no"
"10965","no","no"
"10968","no","no"
"10971","no","no"
"10973","no","no"
"10983","no","no"
"10988","no","no"
"10991","no","no"
"10993","no","no"
"10994","no","no"
"10995","no","no"
"11002","no","no"
"11003","no","no"
"11021","no","no"
"11022","no","no"
"11029","no","no"
"11031","no","no"
"11032","no","no"
"11037","no","no"
"11039","no","no"
"11041","no","no"
"11043","no","no"
"11044","no","no"
"11045","no","no"
"11046","no","no"
"11053","no","no"
"11060","no","no"
"11062","no","no"
"11063","no","no"
"11066","no","no"
"11068","no","no"
"11070","no","no"
"11076","no","no"
"11077","no","no"
"11081","no","no"
"11085","yes","no"
"11089","no","no"
"11090","no","no"
"11091","no","no"
"11097","no","no"
"11099","no","no"
"11100","no","no"
"11101","no","no"
"11104","no","no"
"11110","no","no"
"11113","no","no"
"11114","no","no"
"11117","no","no"
"11123","no","no"
"11126","no","no"
"11128","no","no"
"11129","no","no"
"11130","no","no"
"11131","no","no"
"11135","yes","no"
"11136","no","no"
"11137","no","no"
"11144","no","no"
"11146","no","no"
"11147","no","no"
"11155","no","no"
"11156","no","no"
"11160","no","no"
"11161","no","no"
"11165","no","no"
"11167","no","no"
"11168","no","no"
"11170","no","no"
"11173","no","no"
"11175","no","no"
"11178","no","no"
"11182","no","no"
"11183","no","no"
"11184","no","no"
"11190","no","no"
"11195","no","no"
"11197","no","no"
"11198","no","no"
"11200","no","no"
"11201","no","no"
"11210","no","no"
"11213","no","no"
"11215","no","no"
"11217","no","no"
"11222","no","no"
"11224","no","no"
"11232","no","no"
"11244","no","no"
"11245","no","no"
"11250","no","no"
"11251","no","no"
"11254","no","no"
"11256","no","no"
"11259","no","no"
"11260","no","no"
"11261","no","no"
"11264","no","no"
"11267","no","no"
"11268","no","no"
"11276","no","no"
"11278","no","no"
"11283","no","no"
"11284","no","no"
"11286","no","no"
"11287","no","no"
"11291","no","no"
"11295","no","no"
"11298","no","no"
"11299","no","no"
"11303","no","no"
"11318","no","no"
"11320","no","no"
"11322","no","no"
"11323","no","no"
"11324","no","no"
"11325","no","no"
"11328","no","no"
"11330","no","no"
"11333","no","no"
"11334","no","no"
"11336","no","no"
"11339","no","no"
"11341","no","no"
"11343","no","no"
"11344","no","no"
"11350","yes","no"
"11352","no","no"
"11355","no","no"
"11358","no","no"
"11359","no","no"
"11362","no","no"
"11363","no","no"
"11365","no","no"
"11368","no","no"
"11374","no","no"
"11377","no","no"
"11380","no","no"
"11383","no","no"
"11393","no","no"
"11394","no","no"
"11397","no","no"
"11403","no","no"
"11410","no","no"
"11415","no","no"
"11420","no","no"
"11421","no","no"
"11425","no","no"
"11432","no","no"
"11438","no","no"
"11441","no","no"
"11444","no","no"
"11456","no","no"
"11457","no","no"
"11458","no","no"
"11460","no","no"
"11461","no","no"
"11467","no","no"
"11472","no","no"
"11473","no","no"
"11474","no","no"
"11475","no","no"
"11476","no","no"
"11477","no","no"
"11479","no","no"
"11485","no","no"
"11488","no","no"
"11491","no","no"
"11492","no","no"
"11493","no","no"
"11500","no","no"
"11501","no","no"
"11504","no","no"
"11515","yes","no"
"11518","no","no"
"11521","no","no"
"11523","no","no"
"11524","no","no"
"11525","no","no"
"11527","no","no"
"11529","no","no"
"11532","no","no"
"11533","no","no"
"11534","no","no"
"11536","no","no"
"11538","no","no"
"11539","no","no"
"11543","no","no"
"11544","no","no"
"11545","no","no"
"11549","no","no"
"11550","no","no"
"11551","no","no"
"11552","no","no"
"11559","yes","no"
"11563","no","no"
"11565","no","no"
"11567","no","no"
"11569","no","no"
"11575","no","no"
"11576","no","no"
"11577","no","no"
"11578","no","no"
"11580","no","no"
"11582","no","no"
"11605","no","no"
"11606","no","no"
"11608","no","no"
"11609","no","no"
"11610","no","no"
"11614","no","no"
"11624","no","no"
"11627","no","no"
"11629","no","no"
"11630","no","no"
"11634","yes","no"
"11636","no","no"
"11642","no","no"
"11646","no","no"
"11648","no","no"
"11651","no","no"
"11658","no","no"
"11660","no","no"
"11669","no","no"
"11671","no","no"
"11675","no","no"
"11676","no","no"
"11678","no","no"
"11694","no","no"
"11696","no","no"
"11699","no","no"
"11701","no","no"
"11712","no","no"
"11713","no","no"
"11715","no","no"
"11722","no","no"
"11724","no","no"
"11725","no","no"
"11730","no","no"
"11738","no","no"
"11751","no","no"
"11758","no","no"
"11769","no","no"
"11770","no","no"
"11773","no","no"
"11774","no","no"
"11778","no","no"
"11782","no","no"
"11783","no","no"
"11784","no","no"
"11786","no","no"
"11789","no","no"
"11791","no","no"
"11796","no","no"
"11800","no","no"
"11801","no","no"
"11803","no","no"
"11806","no","no"
"11807","no","no"
"11808","no","no"
"11809","no","no"
"11817","no","no"
"11818","no","no"
"11819","no","no"
"11820","no","no"
"11835","no","no"
"11842","no","no"
"11847","no","no"
"11848","no","no"
"11850","no","no"
"11851","no","no"
"11852","no","no"
"11857","no","no"
"11860","no","no"
"11863","no","no"
"11868","no","no"
"11873","no","no"
"11874","no","no"
"11878","no","no"
"11880","no","no"
"11882","no","no"
"11884","no","no"
"11886","no","no"
"11889","no","no"
"11890","no","no"
"11891","no","no"
"11892","no","no"
"11894","no","no"
"11898","no","no"
"11899","no","no"
"11902","no","no"
"11904","no","no"
"11912","no","no"
"11913","no","no"
"11914","no","no"
"11916","no","no"
"11919","no","no"
"11926","no","no"
"11928","no","no"
"11929","no","no"
"11931","no","no"
"11932","no","no"
"11933","no","no"
"11937","no","no"
"11938","no","no"
"11939","no","no"
"11940","no","no"
"11941","no","no"
"11945","no","no"
"11946","no","no"
"11949","no","no"
"11951","no","no"
"11953","no","no"
"11954","no","no"
"11957","no","no"
"11959","no","no"
"11960","no","no"
"11961","no","no"
"11963","no","no"
"11964","no","no"
"11966","no","no"
"11969","no","no"
"11972","no","no"
"11975","no","no"
"11977","no","no"
"11978","no","no"
"11980","no","no"
"11981","yes","no"
"11982","no","no"
"11986","no","no"
"11990","no","no"
"11992","no","no"
"11997","yes","no"
"11999","no","no"
"12000","no","no"
"12012","yes","yes"
"12016","yes","yes"
"12020","yes","yes"
"12025","yes","yes"
"12029","yes","yes"
"12030","yes","yes"
"12032","yes","yes"
"12033","yes","yes"
"12037","yes","yes"
"12038","yes","yes"
"12039","yes","yes"
"12040","yes","yes"
"12046","no","yes"
"12049","yes","yes"
"12054","yes","yes"
"12055","yes","yes"
"12056","yes","yes"
"12060","yes","yes"
"12068","yes","yes"
"12069","yes","yes"
"12070","yes","yes"
"12071","no","yes"
"12075","yes","yes"
"12081","yes","yes"
"12088","yes","yes"
"12089","yes","yes"
"12091","yes","yes"
"12092","yes","yes"
"12095","yes","yes"
"12100","yes","yes"
"12106","no","yes"
"12107","yes","yes"
"12112","yes","yes"
"12115","yes","yes"
"12119","yes","yes"
"12122","yes","yes"
"12123","no","yes"
"12125","yes","yes"
"12130","yes","yes"
"12132","yes","yes"
"12140","yes","yes"
"12142","yes","yes"
"12144","yes","yes"
"12145","yes","yes"
"12148","yes","yes"
"12153","yes","yes"
"12157","yes","yes"
"12162","yes","yes"
"12167","yes","yes"
"12168","no","yes"
"12170","yes","yes"
"12172","yes","yes"
"12173","yes","yes"
"12174","yes","yes"
"12177","yes","yes"
"12179","yes","yes"
"12181","yes","yes"
"12182","yes","yes"
"12184","yes","yes"
"12186","yes","yes"
"12194","yes","yes"
"12197","no","yes"
"12199","yes","yes"
"12201","yes","yes"
"12204","yes","yes"
"12206","yes","yes"
"12207","yes","yes"
"12209","yes","yes"
"12213","yes","yes"
"12218","yes","yes"
"12221","yes","yes"
"12228","yes","yes"
"12231","yes","yes"
"12232","yes","yes"
"12233","yes","yes"
"12235","no","yes"
"12244","yes","yes"
"12252","yes","yes"
"12256","yes","yes"
"12258","yes","yes"
"12259","yes","yes"
"12269","yes","yes"
"12271","yes","yes"
"12275","yes","yes"
"12278","yes","yes"
"12283","yes","yes"
"12284","yes","yes"
"12289","yes","yes"
"12290","yes","yes"
"12291","yes","yes"
"12292","yes","yes"
"12293","yes","yes"
"12295","yes","yes"
"12298","yes","yes"
"12301","yes","yes"
"12305","yes","yes"
"12308","yes","yes"
"12311","yes","yes"
"12312","yes","yes"
"12318","yes","yes"
"12320","yes","yes"
"12321","yes","yes"
"12323","no","yes"
"12325","yes","yes"
"12327","yes","yes"
"12329","yes","yes"
"12331","yes","yes"
"12333","yes","yes"
"12337","yes","yes"
"12342","yes","yes"
"12344","yes","yes"
"12345","yes","yes"
"12347","yes","yes"
"12348","yes","yes"
"12351","yes","yes"
"12355","no","yes"
"12357","yes","yes"
"12358","yes","yes"
"12362","yes","yes"
"12366","yes","yes"
"12367","yes","yes"
"12369","yes","yes"
"12374","yes","yes"
"12379","no","yes"
"12382","yes","yes"
"12385","yes","yes"
"12387","yes","yes"
"12389","yes","yes"
"12390","yes","yes"
"12391","yes","yes"
"12392","yes","yes"
"12393","yes","yes"
"12394","yes","yes"
"12400","yes","yes"
"12402","yes","yes"
"12404","yes","yes"
"12409","yes","yes"
"12413","yes","yes"
"12415","yes","yes"
"12416","yes","yes"
"12417","yes","yes"
"12418","yes","yes"
"12419","no","yes"
"12423","yes","yes"
"12432","yes","yes"
"12436","yes","yes"
"12439","yes","yes"
"12444","yes","yes"
"12446","yes","yes"
"12447","yes","yes"
"12450","yes","yes"
"12451","yes","yes"
"12454","yes","yes"
"12461","yes","yes"
"12462","yes","yes"
"12465","yes","yes"
"12469","yes","yes"
"12474","yes","yes"
"12475","yes","yes"
"12476","yes","yes"
"12481","yes","yes"
"12486","no","yes"
"12487","yes","yes"
"12490","no","yes"
"12498","no","yes"
"12500","no","yes"
"12501","yes","yes"
"12503","yes","yes"
"12505","yes","yes"
"12511","yes","yes"
"12515","yes","yes"
"12520","yes","yes"
"12521","yes","yes"
"12522","yes","yes"
"12525","yes","yes"
"12528","yes","yes"
"12529","yes","yes"
"12531","yes","yes"
"12534","yes","yes"
"12538","yes","yes"
"12542","yes","yes"
"12547","yes","yes"
"12549","yes","yes"
"12555","yes","yes"
"12558","yes","yes"
"12560","yes","yes"
"12564","yes","yes"
"12568","yes","yes"
"12569","yes","yes"
"12575","yes","yes"
"12576","yes","yes"
"12581","yes","yes"
"12584","yes","yes"
"12585","yes","yes"
"12586","yes","yes"
"12591","yes","yes"
"12598","yes","yes"
"12602","yes","yes"
"12606","yes","yes"
"12611","yes","yes"
"12612","yes","yes"
"12613","yes","yes"
"12614","yes","yes"
"12615","yes","yes"
"12621","no","yes"
"12625","yes","yes"
"12633","yes","yes"
"12634","yes","yes"
"12635","yes","yes"
"12640","yes","yes"
"12646","yes","yes"
"12650","yes","yes"
"12652","yes","yes"
"12655","yes","yes"
"12657","yes","yes"
"12658","yes","yes"
"12661","yes","yes"
"12665","yes","yes"
"12677","yes","yes"
"12678","yes","yes"
"12679","yes","yes"
"12681","yes","yes"
"12682","yes","yes"
"12689","yes","yes"
"12701","yes","yes"
"12702","yes","yes"
"12715","yes","yes"
"12718","yes","yes"
"12720","yes","yes"
"12721","yes","yes"
"12725","yes","yes"
"12729","yes","yes"
"12734","yes","yes"
"12735","yes","yes"
"12738","yes","yes"
"12743","yes","yes"
"12745","yes","yes"
"12746","yes","yes"
"12747","yes","yes"
"12748","yes","yes"
"12749","yes","yes"
"12753","yes","yes"
"12755","no","yes"
"12769","yes","yes"
"12775","yes","yes"
"12778","yes","yes"
"12781","no","yes"
"12785","no","no"
"12786","no","no"
"12794","no","no"
"12796","no","no"
"12801","no","no"
"12804","no","no"
"12813","no","no"
"12814","no","no"
"12817","no","no"
"12818","no","no"
"12823","no","no"
"12827","no","no"
"12828","no","no"
"12829","no","no"
"12830","no","no"
"12832","no","no"
"12842","no","no"
"12843","no","no"
"12849","no","no"
"12850","no","no"
"12858","no","no"
"12860","no","no"
"12864","no","no"
"12868","no","no"
"12870","no","no"
"12874","no","no"
"12877","no","no"
"12878","no","no"
"12879","no","no"
"12887","no","no"
"12888","no","no"
"12889","no","no"
"12893","no","no"
"12895","no","no"
"12897","no","no"
"12898","no","no"
"12900","no","no"
"12902","no","no"
"12905","no","no"
"12914","no","no"
"12918","no","no"
"12922","no","no"
"12927","no","no"
"12935","no","no"
"12936","no","no"
"12939","no","no"
"12955","no","no"
"12956","no","no"
"12957","no","no"
"12960","no","no"
"12966","no","no"
"12972","no","no"
"12975","no","no"
"12977","no","no"
"12981","no","no"
"12983","no","no"
"12985","no","no"
"12987","no","no"
"12993","no","no"
"12996","no","no"
"12997","no","no"
"13000","no","no"
"13001","no","no"
"13003","no","no"
"13004","no","no"
"13008","no","no"
"13015","no","no"
"13017","no","no"
"13022","no","no"
"13023","no","no"
"13027","no","no"
"13029","no","no"
"13031","no","no"
"13035","no","no"
"13037","no","no"
"13039","no","no"
"13040","no","no"
"13044","no","no"
"13050","no","no"
"13052","no","no"
"13059","no","no"
"13061","no","no"
"13062","no","no"
"13063","no","no"
"13066","no","no"
"13069","no","no"
"13073","no","no"
"13076","no","no"
"13083","no","no"
"13087","no","no"
"13088","no","no"
"13089","no","no"
"13091","no","no"
"13092","no","no"
"13095","no","no"
"13096","no","no"
"13108","no","no"
"13113","no","no"
"13121","no","no"
"13123","no","no"
"13125","no","no"
"13126","no","no"
"13131","no","no"
"13139","no","no"
"13140","no","no"
"13142","no","no"
"13143","no","no"
"13153","no","no"
"13156","no","no"
"13157","no","no"
"13165","no","no"
"13166","no","no"
"13167","no","no"
"13169","no","no"
"13173","no","no"
"13176","no","no"
"13179","no","no"
"13181","no","no"
"13182","no","no"
"13186","no","no"
"13188","no","no"
"13189","no","no"
"13191","no","no"
"13192","no","no"
"13196","no","no"
"13197","no","no"
"13199","no","no"
"13204","no","no"
"13208","no","no"
"13209","no","no"
"13214","no","no"
"13217","no","no"
"13220","no","no"
"13222","no","no"
"13223","no","no"
"13224","no","no"
"13225","no","no"
"13233","no","no"
"13252","no","no"
"13254","no","no"
"13260","no","no"
"13261","no","no"
"13263","no","no"
"13268","no","no"
"13271","no","no"
"13275","no","no"
"13277","no","no"
"13279","no","no"
"13286","no","no"
"13287","no","no"
"13290","no","no"
"13297","no","no"
"13298","no","no"
"13300","no","no"
"13309","no","no"
"13323","no","no"
"13324","no","no"
"13326","no","no"
"13327","no","no"
"13328","no","no"
"13330","no","no"
"13336","no","no"
"13338","no","no"
"13339","no","no"
"13341","no","no"
"13345","no","no"
"13356","no","no"
"13357","no","no"
"13363","no","no"
"13366","no","no"
"13367","no","no"
"13370","no","no"
"13373","no","no"
"13378","no","no"
"13379","no","no"
"13380","no","no"
"13384","no","no"
"13389","no","no"
"13400","no","no"
"13406","no","no"
"13409","no","no"
"13410","no","no"
"13414","no","no"
"13416","no","no"
"13419","no","no"
"13429","no","no"
"13430","yes","no"
"13438","no","no"
"13439","no","no"
"13447","no","no"
"13450","no","no"
"13451","no","no"
"13455","no","no"
"13460","no","no"
"13461","no","no"
"13462","no","no"
"13467","no","no"
"13472","no","no"
"13478","no","no"
"13479","no","no"
"13485","no","no"
"13492","no","no"
"13499","no","no"
"13501","no","no"
"13502","no","no"
"13504","no","no"
"13508","no","no"
"13512","no","no"
"13513","no","no"
"13517","no","no"
"13519","no","no"
"13521","no","no"
"13523","no","no"
"13525","no","no"
"13527","no","no"
"13532","no","no"
"13534","no","no"
"13535","no","no"
"13537","no","no"
"13543","no","no"
"13544","no","no"
"13548","no","no"
"13550","no","no"
"13554","no","no"
"13555","no","no"
"13557","no","no"
"13564","no","no"
"13568","no","no"
"13573","no","no"
"13575","no","no"
"13577","no","no"
"13578","no","no"
"13587","no","no"
"13597","no","no"
"13598","no","no"
"13602","no","no"
"13608","no","no"
"13610","no","no"
"13611","no","no"
"13613","no","no"
"13614","no","no"
"13617","no","no"
"13618","no","no"
"13620","no","no"
"13638","yes","no"
"13640","no","no"
"13641","no","no"
"13642","no","no"
"13644","no","no"
"13647","no","no"
"13649","no","no"
"13650","no","no"
"13654","no","no"
"13655","no","no"
"13656","no","no"
"13657","no","no"
"13658","no","no"
"13660","no","no"
"13662","no","no"
"13666","no","no"
"13667","no","no"
"13669","no","no"
"13670","no","no"
"13673","no","no"
"13675","no","no"
"13678","no","no"
"13679","no","no"
"13684","no","no"
"13686","no","no"
"13689","no","no"
"13692","no","no"
"13694","no","no"
"13699","no","no"
"13705","no","no"
"13718","no","no"
"13720","no","no"
"13721","no","no"
"13722","no","no"
"13727","no","no"
"13732","no","no"
"13733","no","no"
"13734","no","no"
"13738","no","no"
"13740","no","no"
"13742","no","no"
"13743","no","no"
"13744","no","no"
"13747","no","no"
"13754","no","no"
"13759","no","no"
"13760","no","no"
"13761","no","no"
"13767","no","no"
"13768","no","no"
"13770","yes","no"
"13774","no","no"
"13776","no","no"
"13778","no","no"
"13781","no","no"
"13782","no","no"
"13783","no","no"
"13785","no","no"
"13793","no","no"
"13794","no","no"
"13799","no","no"
"13802","no","no"
"13803","no","no"
"13807","no","no"
"13815","no","no"
"13816","no","no"
"13823","no","no"
"13825","no","no"
"13826","no","no"
"13831","no","no"
"13832","no","no"
"13834","no","no"
"13835","no","no"
"13839","no","no"
"13840","no","no"
"13841","no","no"
"13842","no","no"
"13846","no","no"
"13847","no","no"
"13848","no","no"
"13850","no","no"
"13852","no","no"
"13857","no","no"
"13860","no","no"
"13873","no","no"
"13874","no","no"
"13876","no","no"
"13882","no","no"
"13888","no","no"
"13889","no","no"
"13891","no","no"
"13895","no","no"
"13898","no","no"
"13899","no","no"
"13908","no","no"
"13912","no","no"
"13915","no","no"
"13917","no","no"
"13932","no","no"
"13933","no","no"
"13940","no","no"
"13951","no","no"
"13955","yes","no"
"13956","no","no"
"13960","no","no"
"13963","no","no"
"13972","no","no"
"13982","no","no"
"13984","no","no"
"13987","no","no"
"13988","no","no"
"13990","no","no"
"13991","no","no"
"13993","no","no"
"13999","no","no"
"14002","no","no"
"14003","no","no"
"14008","no","no"
"14009","no","no"
"14013","no","no"
"14014","no","no"
"14016","no","no"
"14022","no","no"
"14025","no","no"
"14027","no","no"
"14029","no","no"
"14030","no","no"
"14032","no","no"
"14033","no","no"
"14035","no","no"
"14037","no","no"
"14040","no","no"
"14041","no","no"
"14044","no","no"
"14046","no","no"
"14049","no","no"
"14051","no","no"
"14058","no","no"
"14061","no","no"
"14062","no","no"
"14068","no","no"
"14077","no","no"
"14079","no","no"
"14080","no","no"
"14083","no","no"
"14084","no","no"
"14095","no","no"
"14096","no","no"
"14098","no","no"
"14102","no","no"
"14107","no","no"
"14108","no","no"
"14118","no","no"
"14120","no","no"
"14122","no","no"
"14127","no","no"
"14129","no","no"
"14132","no","no"
"14138","no","no"
"14140","no","no"
"14141","no","no"
"14143","no","no"
"14149","no","no"
"14153","no","no"
"14155","no","no"
"14156","no","no"
"14157","no","no"
"14167","no","no"
"14170","no","no"
"14171","no","no"
"14174","no","no"
"14178","no","no"
"14183","no","no"
"14185","no","no"
"14187","no","no"
"14189","no","no"
"14191","no","no"
"14197","no","no"
"14199","no","no"
"14203","no","no"
"14204","no","no"
"14213","yes","yes"
"14214","yes","yes"
"14221","yes","yes"
"14222","yes","yes"
"14226","yes","yes"
"14233","yes","yes"
"14234","yes","yes"
"14237","yes","yes"
"14239","yes","yes"
"14240","yes","yes"
"14242","yes","yes"
"14245","yes","yes"
"14246","yes","yes"
"14248","yes","yes"
"14258","yes","yes"
"14261","yes","yes"
"14262","no","yes"
"14266","yes","yes"
"14268","yes","yes"
"14274","yes","yes"
"14277","no","yes"
"14278","yes","yes"
"14279","yes","yes"
"14289","yes","yes"
"14290","yes","yes"
"14293","yes","yes"
"14295","yes","yes"
"14296","yes","yes"
"14298","no","yes"
"14301","yes","yes"
"14305","yes","yes"
"14308","yes","yes"
"14309","yes","yes"
"14321","yes","yes"
"14329","yes","yes"
"14331","yes","yes"
"14332","no","yes"
"14335","yes","yes"
"14342","yes","yes"
"14350","yes","yes"
"14354","yes","yes"
"14356","yes","yes"
"14361","yes","yes"
"14365","yes","yes"
"14371","yes","yes"
"14372","yes","yes"
"14374","yes","yes"
"14376","yes","yes"
"14377","yes","yes"
"14378","yes","yes"
"14381","yes","yes"
"14383","yes","yes"
"14384","yes","yes"
"14388","yes","yes"
"14400","yes","yes"
"14401","yes","yes"
"14407","yes","yes"
"14408","no","yes"
"14410","yes","yes"
"14417","yes","yes"
"14418","yes","yes"
"14423","no","yes"
"14424","yes","yes"
"14426","yes","yes"
"14428","yes","yes"
"14429","yes","yes"
"14437","yes","yes"
"14439","yes","yes"
"14440","yes","yes"
"14441","yes","yes"
"14442","yes","yes"
"14448","yes","yes"
"14454","yes","yes"
"14457","yes","yes"
"14461","yes","yes"
"14462","yes","yes"
"14465","yes","yes"
"14467","yes","yes"
"14469","yes","yes"
"14474","yes","yes"
"14477","yes","yes"
"14480","yes","yes"
"14495","yes","yes"
"14499","yes","yes"
"14500","yes","yes"
"14503","yes","yes"
"14505","yes","yes"
"14508","yes","yes"
"14514","yes","yes"
"14518","yes","yes"
"14519","yes","yes"
"14523","yes","yes"
"14525","yes","yes"
"14526","yes","yes"
"14527","yes","yes"
"14528","yes","yes"
"14533","yes","yes"
"14539","yes","yes"
"14556","yes","yes"
"14559","yes","yes"
"14560","yes","yes"
"14567","yes","yes"
"14571","yes","yes"
"14573","yes","yes"
"14575","yes","yes"
"14577","yes","yes"
"14579","yes","yes"
"14580","yes","yes"
"14582","yes","yes"
"14590","no","yes"
"14591","yes","yes"
"14610","yes","yes"
"14611","yes","yes"
"14613","yes","yes"
"14614","yes","yes"
"14617","no","yes"
"14618","yes","yes"
"14624","yes","yes"
"14636","yes","yes"
"14642","no","yes"
"14643","yes","yes"
"14649","yes","yes"
"14652","yes","yes"
"14653","no","yes"
"14669","yes","yes"
"14672","yes","yes"
"14674","no","yes"
"14680","yes","yes"
"14681","yes","yes"
"14688","yes","yes"
"14694","yes","yes"
"14696","yes","yes"
"14697","no","yes"
"14700","yes","yes"
"14702","no","yes"
"14707","yes","yes"
"14710","yes","yes"
"14711","no","yes"
"14717","yes","yes"
"14721","yes","yes"
"14722","yes","yes"
"14724","yes","yes"
"14726","yes","yes"
"14727","yes","yes"
"14733","yes","yes"
"14740","yes","yes"
"14746","yes","yes"
"14747","yes","yes"
"14748","yes","yes"
"14751","yes","yes"
"14762","yes","yes"
"14763","yes","yes"
"14765","yes","yes"
"14772","yes","yes"
"14774","yes","yes"
"14777","no","yes"
"14790","yes","yes"
"14795","yes","yes"
"14796","yes","yes"
"14797","yes","yes"
"14798","yes","yes"
"14801","yes","yes"
"14805","yes","yes"
"14815","yes","yes"
"14822","yes","yes"
"14823","yes","yes"
"14824","yes","yes"
"14825","yes","yes"
"14830","yes","yes"
"14831","yes","yes"
"14832","no","yes"
"14837","yes","yes"
"14840","yes","yes"
"14846","yes","yes"
"14857","yes","yes"
"14862","yes","yes"
"14867","yes","yes"
"14869","yes","yes"
"14878","yes","yes"
"14880","yes","yes"
"14882","yes","yes"
"14893","yes","yes"
"14898","yes","yes"
"14899","yes","yes"
"14905","yes","yes"
"14906","yes","yes"
"14907","yes","yes"
"14912","yes","yes"
"14916","yes","yes"
"14921","yes","yes"
"14922","yes","yes"
"14929","yes","yes"
"14930","yes","yes"
"14931","yes","yes"
"14936","yes","yes"
"14939","yes","yes"
"14946","no","yes"
"14948","yes","yes"
"14952","yes","yes"
"14958","yes","yes"
"14962","no","yes"
"14963","no","yes"
"14967","no","yes"
"14968","yes","yes"
"14969","yes","yes"
"14973","yes","yes"
"14977","yes","yes"
"14980","yes","yes"
"14984","yes","yes"
"14985","yes","yes"
"14994","yes","yes"
"14995","yes","yes"
"14998","yes","yes"
