"","predvalues_NB","testdata_NB$left"
"1","yes","yes"
"2","yes","yes"
"3","yes","yes"
"4","yes","yes"
"5","yes","yes"
"6","no","yes"
"7","yes","yes"
"8","yes","yes"
"9","yes","yes"
"10","yes","yes"
"11","yes","yes"
"12","yes","yes"
"13","yes","yes"
"14","yes","yes"
"15","no","yes"
"16","yes","yes"
"17","yes","yes"
"18","yes","yes"
"19","no","yes"
"20","yes","yes"
"21","yes","yes"
"22","yes","yes"
"23","no","yes"
"24","no","yes"
"25","no","yes"
"26","yes","yes"
"27","yes","yes"
"28","yes","yes"
"29","yes","yes"
"30","yes","yes"
"31","yes","yes"
"32","yes","yes"
"33","yes","yes"
"34","yes","yes"
"35","no","yes"
"36","yes","yes"
"37","yes","yes"
"38","yes","yes"
"39","no","yes"
"40","yes","yes"
"41","yes","yes"
"42","yes","yes"
"43","yes","yes"
"44","yes","yes"
"45","yes","yes"
"46","yes","yes"
"47","yes","yes"
"48","no","yes"
"49","yes","yes"
"50","yes","yes"
"51","no","yes"
"52","yes","yes"
"53","yes","yes"
"54","yes","yes"
"55","yes","yes"
"56","yes","yes"
"57","yes","yes"
"58","yes","yes"
"59","no","yes"
"60","no","yes"
"61","yes","yes"
"62","no","yes"
"63","yes","yes"
"64","yes","yes"
"65","yes","yes"
"66","yes","yes"
"67","yes","yes"
"68","yes","yes"
"69","no","yes"
"70","yes","yes"
"71","yes","yes"
"72","yes","yes"
"73","yes","yes"
"74","yes","yes"
"75","yes","yes"
"76","yes","yes"
"77","yes","yes"
"78","yes","yes"
"79","no","yes"
"80","yes","yes"
"81","yes","yes"
"82","yes","yes"
"83","yes","yes"
"84","yes","yes"
"85","yes","yes"
"86","yes","yes"
"87","yes","yes"
"88","yes","yes"
"89","yes","yes"
"90","yes","yes"
"91","no","yes"
"92","yes","yes"
"93","yes","yes"
"94","yes","yes"
"95","yes","yes"
"96","yes","yes"
"97","yes","yes"
"98","yes","yes"
"99","yes","yes"
"100","no","yes"
"101","yes","yes"
"102","yes","yes"
"103","yes","yes"
"104","yes","yes"
"105","yes","yes"
"106","yes","yes"
"107","no","yes"
"108","yes","yes"
"109","yes","yes"
"110","yes","yes"
"111","yes","yes"
"112","yes","yes"
"113","yes","yes"
"114","no","yes"
"115","yes","yes"
"116","yes","yes"
"117","no","yes"
"118","no","yes"
"119","yes","yes"
"120","yes","yes"
"121","yes","yes"
"122","yes","yes"
"123","yes","yes"
"124","no","yes"
"125","yes","yes"
"126","yes","yes"
"127","yes","yes"
"128","no","yes"
"129","no","yes"
"130","no","yes"
"131","yes","yes"
"132","yes","yes"
"133","yes","yes"
"134","yes","yes"
"135","yes","yes"
"136","no","yes"
"137","yes","yes"
"138","yes","yes"
"139","no","yes"
"140","yes","yes"
"141","no","yes"
"142","yes","yes"
"143","yes","yes"
"144","yes","yes"
"145","yes","yes"
"146","yes","yes"
"147","no","yes"
"148","yes","yes"
"149","yes","yes"
"150","yes","yes"
"151","yes","yes"
"152","yes","yes"
"153","yes","yes"
"154","no","yes"
"155","yes","yes"
"156","no","yes"
"157","yes","yes"
"158","no","yes"
"159","yes","yes"
"160","no","yes"
"161","yes","yes"
"162","yes","yes"
"163","yes","yes"
"164","no","yes"
"165","yes","yes"
"166","yes","yes"
"167","yes","yes"
"168","yes","yes"
"169","yes","yes"
"170","yes","yes"
"171","no","yes"
"172","no","yes"
"173","yes","yes"
"174","no","yes"
"175","no","yes"
"176","yes","yes"
"177","yes","yes"
"178","yes","yes"
"179","yes","yes"
"180","yes","yes"
"181","no","yes"
"182","yes","yes"
"183","yes","yes"
"184","yes","yes"
"185","yes","yes"
"186","no","yes"
"187","yes","yes"
"188","yes","yes"
"189","no","yes"
"190","yes","yes"
"191","yes","yes"
"192","yes","yes"
"193","yes","yes"
"194","yes","yes"
"195","no","yes"
"196","yes","yes"
"197","yes","yes"
"198","yes","yes"
"199","yes","yes"
"200","no","yes"
"201","yes","yes"
"202","yes","yes"
"203","yes","yes"
"204","yes","yes"
"205","yes","yes"
"206","no","yes"
"207","yes","yes"
"208","no","yes"
"209","yes","yes"
"210","yes","yes"
"211","no","yes"
"212","yes","yes"
"213","yes","yes"
"214","yes","yes"
"215","yes","yes"
"216","yes","yes"
"217","yes","yes"
"218","yes","yes"
"219","yes","yes"
"220","yes","yes"
"221","yes","yes"
"222","yes","yes"
"223","yes","yes"
"224","no","yes"
"225","yes","yes"
"226","yes","yes"
"227","yes","yes"
"228","yes","yes"
"229","yes","yes"
"230","yes","yes"
"231","yes","yes"
"232","yes","yes"
"233","no","yes"
"234","yes","yes"
"235","no","yes"
"236","yes","yes"
"237","yes","yes"
"238","yes","yes"
"239","no","yes"
"240","yes","yes"
"241","no","yes"
"242","yes","yes"
"243","yes","yes"
"244","no","yes"
"245","yes","yes"
"246","yes","yes"
"247","yes","yes"
"248","yes","yes"
"249","yes","yes"
"250","yes","yes"
"251","no","yes"
"252","yes","yes"
"253","yes","yes"
"254","yes","yes"
"255","no","yes"
"256","yes","yes"
"257","yes","yes"
"258","yes","yes"
"259","yes","yes"
"260","yes","yes"
"261","no","yes"
"262","yes","yes"
"263","no","yes"
"264","yes","yes"
"265","yes","yes"
"266","yes","yes"
"267","no","yes"
"268","yes","yes"
"269","yes","yes"
"270","yes","yes"
"271","no","yes"
"272","yes","yes"
"273","yes","yes"
"274","yes","yes"
"275","yes","yes"
"276","yes","yes"
"277","yes","yes"
"278","no","yes"
"279","no","yes"
"280","yes","yes"
"281","yes","yes"
"282","yes","yes"
"283","yes","yes"
"284","yes","yes"
"285","yes","yes"
"286","no","yes"
"287","yes","yes"
"288","yes","yes"
"289","no","yes"
"290","yes","yes"
"291","yes","yes"
"292","yes","yes"
"293","yes","yes"
"294","yes","yes"
"295","no","yes"
"296","no","yes"
"297","yes","yes"
"298","yes","yes"
"299","yes","yes"
"300","yes","yes"
"301","yes","yes"
"302","no","yes"
"303","yes","yes"
"304","yes","yes"
"305","yes","yes"
"306","no","yes"
"307","yes","yes"
"308","no","yes"
"309","yes","yes"
"310","no","yes"
"311","yes","yes"
"312","yes","yes"
"313","yes","yes"
"314","yes","yes"
"315","no","yes"
"316","yes","yes"
"317","no","yes"
"318","no","yes"
"319","yes","yes"
"320","yes","yes"
"321","no","yes"
"322","no","yes"
"323","yes","yes"
"324","no","yes"
"325","yes","yes"
"326","yes","yes"
"327","yes","yes"
"328","yes","yes"
"329","yes","yes"
"330","yes","yes"
"331","yes","yes"
"332","yes","yes"
"333","yes","yes"
"334","yes","yes"
"335","yes","yes"
"336","yes","yes"
"337","no","yes"
"338","yes","yes"
"339","yes","yes"
"340","yes","yes"
"341","no","yes"
"342","yes","yes"
"343","yes","yes"
"344","yes","yes"
"345","yes","yes"
"346","no","yes"
"347","yes","yes"
"348","no","yes"
"349","yes","yes"
"350","yes","yes"
"351","yes","yes"
"352","yes","yes"
"353","no","yes"
"354","yes","yes"
"355","yes","yes"
"356","yes","yes"
"357","yes","yes"
"358","no","yes"
"359","yes","yes"
"360","yes","yes"
"361","yes","yes"
"362","yes","yes"
"363","yes","yes"
"364","yes","yes"
"365","yes","yes"
"366","yes","yes"
"367","yes","yes"
"368","no","yes"
"369","yes","yes"
"370","yes","yes"
"371","yes","yes"
"372","yes","yes"
"373","yes","yes"
"374","yes","yes"
"375","yes","yes"
"376","yes","yes"
"377","yes","yes"
"378","no","yes"
"379","yes","yes"
"380","no","yes"
"381","no","yes"
"382","yes","yes"
"383","no","yes"
"384","yes","yes"
"385","yes","yes"
"386","yes","yes"
"387","yes","yes"
"388","yes","yes"
"389","yes","yes"
"390","no","yes"
"391","yes","yes"
"392","no","yes"
"393","no","yes"
"394","no","yes"
"395","yes","yes"
"396","yes","yes"
"397","yes","yes"
"398","yes","yes"
"399","yes","yes"
"400","yes","yes"
"401","yes","yes"
"402","yes","yes"
"403","yes","yes"
"404","yes","yes"
"405","yes","yes"
"406","no","yes"
"407","yes","yes"
"408","yes","yes"
"409","yes","yes"
"410","yes","yes"
"411","yes","yes"
"412","no","yes"
"413","no","yes"
"414","no","yes"
"415","yes","yes"
"416","no","yes"
"417","yes","yes"
"418","yes","yes"
"419","yes","yes"
"420","yes","yes"
"421","yes","yes"
"422","no","yes"
"423","yes","yes"
"424","no","yes"
"425","no","yes"
"426","no","yes"
"427","yes","yes"
"428","yes","yes"
"429","yes","yes"
"430","no","yes"
"431","yes","yes"
"432","yes","yes"
"433","yes","yes"
"434","yes","yes"
"435","yes","yes"
"436","yes","yes"
"437","no","yes"
"438","no","yes"
"439","yes","yes"
"440","no","yes"
"441","yes","yes"
"442","no","yes"
"443","yes","yes"
"444","yes","yes"
"445","yes","yes"
"446","yes","yes"
"447","yes","yes"
"448","yes","yes"
"449","no","yes"
"450","yes","yes"
"451","no","yes"
"452","yes","yes"
"453","yes","yes"
"454","no","yes"
"455","yes","yes"
"456","yes","yes"
"457","yes","yes"
"458","yes","yes"
"459","yes","yes"
"460","yes","yes"
"461","yes","yes"
"462","no","yes"
"463","yes","yes"
"464","yes","yes"
"465","yes","yes"
"466","yes","yes"
"467","no","yes"
"468","yes","yes"
"469","yes","yes"
"470","no","yes"
"471","yes","yes"
"472","yes","yes"
"473","yes","yes"
"474","yes","yes"
"475","no","yes"
"476","yes","yes"
"477","no","yes"
"478","no","yes"
"479","no","yes"
"480","yes","yes"
"481","yes","yes"
"482","yes","yes"
"483","yes","yes"
"484","no","yes"
"485","no","yes"
"486","no","yes"
"487","no","yes"
"488","yes","yes"
"489","yes","yes"
"490","yes","yes"
"491","no","yes"
"492","no","yes"
"493","yes","yes"
"494","yes","yes"
"495","yes","yes"
"496","yes","yes"
"497","yes","yes"
"498","yes","yes"
"499","no","yes"
"500","yes","yes"
"501","no","yes"
"502","no","yes"
"503","yes","yes"
"504","yes","yes"
"505","yes","yes"
"506","yes","yes"
"507","no","yes"
"508","yes","yes"
"509","yes","yes"
"510","yes","yes"
"511","yes","yes"
"512","no","yes"
"513","yes","yes"
"514","yes","yes"
"515","no","yes"
"516","yes","yes"
"517","yes","yes"
"518","yes","yes"
"519","yes","yes"
"520","yes","yes"
"521","yes","yes"
"522","yes","yes"
"523","no","yes"
"524","yes","yes"
"525","yes","yes"
"526","yes","yes"
"527","yes","yes"
"528","yes","yes"
"529","yes","yes"
"530","no","yes"
"531","yes","yes"
"532","yes","yes"
"533","yes","yes"
"534","yes","yes"
"535","yes","yes"
"536","yes","yes"
"537","yes","yes"
"538","yes","yes"
"539","yes","yes"
"540","yes","yes"
"541","yes","yes"
"542","yes","yes"
"543","yes","yes"
"544","yes","yes"
"545","yes","yes"
"546","yes","yes"
"547","yes","yes"
"548","yes","yes"
"549","yes","yes"
"550","yes","yes"
"551","yes","yes"
"552","yes","yes"
"553","yes","yes"
"554","yes","yes"
"555","yes","yes"
"556","yes","yes"
"557","yes","yes"
"558","yes","yes"
"559","yes","yes"
"560","yes","yes"
"561","yes","yes"
"562","no","yes"
"563","yes","yes"
"564","no","yes"
"565","no","yes"
"566","no","yes"
"567","no","yes"
"568","no","yes"
"569","yes","yes"
"570","yes","yes"
"571","yes","yes"
"572","yes","yes"
"573","yes","yes"
"574","no","yes"
"575","yes","yes"
"576","no","yes"
"577","no","yes"
"578","yes","yes"
"579","no","yes"
"580","yes","yes"
"581","yes","yes"
"582","no","yes"
"583","yes","yes"
"584","yes","yes"
"585","no","yes"
"586","yes","yes"
"587","no","yes"
"588","no","no"
"589","yes","no"
"590","yes","no"
"591","no","no"
"592","yes","no"
"593","no","no"
"594","no","no"
"595","no","no"
"596","yes","no"
"597","yes","no"
"598","no","no"
"599","no","no"
"600","no","no"
"601","no","no"
"602","no","no"
"603","no","no"
"604","no","no"
"605","no","no"
"606","no","no"
"607","no","no"
"608","no","no"
"609","yes","no"
"610","yes","no"
"611","no","no"
"612","no","no"
"613","no","no"
"614","no","no"
"615","no","no"
"616","no","no"
"617","no","no"
"618","no","no"
"619","yes","no"
"620","no","no"
"621","no","no"
"622","no","no"
"623","no","no"
"624","no","no"
"625","yes","no"
"626","no","no"
"627","no","no"
"628","no","no"
"629","no","no"
"630","no","no"
"631","no","no"
"632","no","no"
"633","no","no"
"634","yes","no"
"635","no","no"
"636","no","no"
"637","no","no"
"638","no","no"
"639","yes","no"
"640","yes","no"
"641","no","no"
"642","no","no"
"643","no","no"
"644","yes","no"
"645","no","no"
"646","no","no"
"647","yes","no"
"648","no","no"
"649","no","no"
"650","no","no"
"651","no","no"
"652","no","no"
"653","yes","no"
"654","no","no"
"655","yes","no"
"656","no","no"
"657","yes","no"
"658","yes","no"
"659","yes","no"
"660","no","no"
"661","no","no"
"662","yes","no"
"663","no","no"
"664","no","no"
"665","no","no"
"666","no","no"
"667","no","no"
"668","no","no"
"669","no","no"
"670","no","no"
"671","no","no"
"672","yes","no"
"673","no","no"
"674","yes","no"
"675","yes","no"
"676","no","no"
"677","no","no"
"678","no","no"
"679","no","no"
"680","yes","no"
"681","no","no"
"682","no","no"
"683","no","no"
"684","no","no"
"685","no","no"
"686","no","no"
"687","no","no"
"688","yes","no"
"689","yes","no"
"690","no","no"
"691","no","no"
"692","no","no"
"693","yes","no"
"694","no","no"
"695","no","no"
"696","no","no"
"697","no","no"
"698","no","no"
"699","no","no"
"700","no","no"
"701","no","no"
"702","no","no"
"703","no","no"
"704","yes","no"
"705","no","no"
"706","yes","no"
"707","no","no"
"708","no","no"
"709","no","no"
"710","yes","no"
"711","no","no"
"712","no","no"
"713","no","no"
"714","no","no"
"715","yes","no"
"716","no","no"
"717","no","no"
"718","no","no"
"719","no","no"
"720","yes","no"
"721","no","no"
"722","no","no"
"723","no","no"
"724","no","no"
"725","no","no"
"726","yes","no"
"727","no","no"
"728","no","no"
"729","no","no"
"730","no","no"
"731","no","no"
"732","no","no"
"733","no","no"
"734","no","no"
"735","no","no"
"736","no","no"
"737","yes","no"
"738","no","no"
"739","yes","no"
"740","no","no"
"741","no","no"
"742","no","no"
"743","no","no"
"744","no","no"
"745","no","no"
"746","no","no"
"747","yes","no"
"748","no","no"
"749","yes","no"
"750","no","no"
"751","no","no"
"752","yes","no"
"753","no","no"
"754","no","no"
"755","no","no"
"756","no","no"
"757","no","no"
"758","no","no"
"759","no","no"
"760","yes","no"
"761","no","no"
"762","no","no"
"763","no","no"
"764","no","no"
"765","no","no"
"766","yes","no"
"767","yes","no"
"768","no","no"
"769","yes","no"
"770","no","no"
"771","no","no"
"772","yes","no"
"773","no","no"
"774","no","no"
"775","no","no"
"776","no","no"
"777","no","no"
"778","no","no"
"779","no","no"
"780","yes","no"
"781","no","no"
"782","yes","no"
"783","no","no"
"784","no","no"
"785","no","no"
"786","no","no"
"787","no","no"
"788","no","no"
"789","no","no"
"790","no","no"
"791","no","no"
"792","no","no"
"793","yes","no"
"794","no","no"
"795","no","no"
"796","no","no"
"797","no","no"
"798","yes","no"
"799","no","no"
"800","no","no"
"801","no","no"
"802","no","no"
"803","yes","no"
"804","no","no"
"805","no","no"
"806","no","no"
"807","no","no"
"808","no","no"
"809","no","no"
"810","no","no"
"811","yes","no"
"812","yes","no"
"813","no","no"
"814","no","no"
"815","no","no"
"816","no","no"
"817","no","no"
"818","yes","no"
"819","no","no"
"820","yes","no"
"821","yes","no"
"822","no","no"
"823","yes","no"
"824","yes","no"
"825","no","no"
"826","no","no"
"827","no","no"
"828","no","no"
"829","yes","no"
"830","yes","no"
"831","no","no"
"832","no","no"
"833","no","no"
"834","no","no"
"835","yes","no"
"836","no","no"
"837","no","no"
"838","no","no"
"839","yes","no"
"840","no","no"
"841","no","no"
"842","no","no"
"843","no","no"
"844","yes","no"
"845","no","no"
"846","no","no"
"847","no","no"
"848","no","no"
"849","no","no"
"850","no","no"
"851","no","no"
"852","no","no"
"853","no","no"
"854","yes","no"
"855","no","no"
"856","no","no"
"857","no","no"
"858","yes","no"
"859","no","no"
"860","no","no"
"861","no","no"
"862","no","no"
"863","yes","no"
"864","no","no"
"865","no","no"
"866","yes","no"
"867","no","no"
"868","yes","no"
"869","no","no"
"870","yes","no"
"871","no","no"
"872","no","no"
"873","no","no"
"874","yes","no"
"875","no","no"
"876","no","no"
"877","no","no"
"878","yes","no"
"879","no","no"
"880","no","no"
"881","no","no"
"882","no","no"
"883","no","no"
"884","no","no"
"885","no","no"
"886","no","no"
"887","no","no"
"888","no","no"
"889","no","no"
"890","no","no"
"891","no","no"
"892","no","no"
"893","yes","no"
"894","no","no"
"895","no","no"
"896","no","no"
"897","yes","no"
"898","no","no"
"899","no","no"
"900","no","no"
"901","no","no"
"902","no","no"
"903","no","no"
"904","no","no"
"905","no","no"
"906","no","no"
"907","yes","no"
"908","yes","no"
"909","no","no"
"910","no","no"
"911","no","no"
"912","yes","no"
"913","no","no"
"914","yes","no"
"915","no","no"
"916","yes","no"
"917","no","no"
"918","no","no"
"919","no","no"
"920","no","no"
"921","no","no"
"922","no","no"
"923","no","no"
"924","no","no"
"925","no","no"
"926","yes","no"
"927","no","no"
"928","no","no"
"929","no","no"
"930","no","no"
"931","no","no"
"932","yes","no"
"933","no","no"
"934","no","no"
"935","no","no"
"936","no","no"
"937","no","no"
"938","no","no"
"939","no","no"
"940","yes","no"
"941","no","no"
"942","no","no"
"943","no","no"
"944","no","no"
"945","no","no"
"946","no","no"
"947","yes","no"
"948","no","no"
"949","no","no"
"950","no","no"
"951","no","no"
"952","no","no"
"953","no","no"
"954","no","no"
"955","yes","no"
"956","no","no"
"957","no","no"
"958","no","no"
"959","yes","no"
"960","no","no"
"961","no","no"
"962","no","no"
"963","no","no"
"964","no","no"
"965","no","no"
"966","no","no"
"967","yes","no"
"968","no","no"
"969","yes","no"
"970","no","no"
"971","no","no"
"972","yes","no"
"973","no","no"
"974","no","no"
"975","no","no"
"976","no","no"
"977","no","no"
"978","no","no"
"979","no","no"
"980","no","no"
"981","no","no"
"982","no","no"
"983","yes","no"
"984","yes","no"
"985","no","no"
"986","no","no"
"987","no","no"
"988","no","no"
"989","yes","no"
"990","no","no"
"991","no","no"
"992","yes","no"
"993","no","no"
"994","no","no"
"995","no","no"
"996","no","no"
"997","no","no"
"998","no","no"
"999","no","no"
"1000","no","no"
"1001","yes","no"
"1002","yes","no"
"1003","no","no"
"1004","no","no"
"1005","no","no"
"1006","yes","no"
"1007","yes","no"
"1008","no","no"
"1009","yes","no"
"1010","no","no"
"1011","no","no"
"1012","yes","no"
"1013","no","no"
"1014","no","no"
"1015","no","no"
"1016","no","no"
"1017","no","no"
"1018","no","no"
"1019","no","no"
"1020","no","no"
"1021","no","no"
"1022","no","no"
"1023","yes","no"
"1024","no","no"
"1025","no","no"
"1026","no","no"
"1027","yes","no"
"1028","no","no"
"1029","no","no"
"1030","no","no"
"1031","no","no"
"1032","no","no"
"1033","no","no"
"1034","no","no"
"1035","no","no"
"1036","no","no"
"1037","no","no"
"1038","no","no"
"1039","no","no"
"1040","no","no"
"1041","yes","no"
"1042","no","no"
"1043","no","no"
"1044","no","no"
"1045","no","no"
"1046","no","no"
"1047","no","no"
"1048","no","no"
"1049","yes","no"
"1050","no","no"
"1051","no","no"
"1052","no","no"
"1053","yes","no"
"1054","no","no"
"1055","yes","no"
"1056","no","no"
"1057","no","no"
"1058","no","no"
"1059","yes","no"
"1060","no","no"
"1061","yes","no"
"1062","no","no"
"1063","no","no"
"1064","no","no"
"1065","no","no"
"1066","no","no"
"1067","no","no"
"1068","no","no"
"1069","no","no"
"1070","yes","no"
"1071","no","no"
"1072","no","no"
"1073","yes","no"
"1074","no","no"
"1075","no","no"
"1076","no","no"
"1077","no","no"
"1078","no","no"
"1079","no","no"
"1080","no","no"
"1081","no","no"
"1082","no","no"
"1083","no","no"
"1084","no","no"
"1085","no","no"
"1086","no","no"
"1087","yes","no"
"1088","no","no"
"1089","no","no"
"1090","no","no"
"1091","no","no"
"1092","no","no"
"1093","no","no"
"1094","no","no"
"1095","no","no"
"1096","no","no"
"1097","no","no"
"1098","no","no"
"1099","no","no"
"1100","no","no"
"1101","no","no"
"1102","yes","no"
"1103","no","no"
"1104","no","no"
"1105","no","no"
"1106","no","no"
"1107","no","no"
"1108","no","no"
"1109","no","no"
"1110","no","no"
"1111","no","no"
"1112","no","no"
"1113","no","no"
"1114","no","no"
"1115","no","no"
"1116","no","no"
"1117","yes","no"
"1118","no","no"
"1119","no","no"
"1120","no","no"
"1121","no","no"
"1122","no","no"
"1123","no","no"
"1124","no","no"
"1125","no","no"
"1126","no","no"
"1127","no","no"
"1128","no","no"
"1129","no","no"
"1130","no","no"
"1131","no","no"
"1132","yes","no"
"1133","no","no"
"1134","no","no"
"1135","no","no"
"1136","yes","no"
"1137","no","no"
"1138","no","no"
"1139","no","no"
"1140","yes","no"
"1141","no","no"
"1142","no","no"
"1143","no","no"
"1144","no","no"
"1145","no","no"
"1146","no","no"
"1147","no","no"
"1148","no","no"
"1149","no","no"
"1150","no","no"
"1151","no","no"
"1152","yes","no"
"1153","no","no"
"1154","no","no"
"1155","yes","no"
"1156","no","no"
"1157","no","no"
"1158","no","no"
"1159","no","no"
"1160","no","no"
"1161","no","no"
"1162","no","no"
"1163","yes","no"
"1164","yes","no"
"1165","no","no"
"1166","no","no"
"1167","yes","no"
"1168","no","no"
"1169","yes","no"
"1170","yes","no"
"1171","no","no"
"1172","no","no"
"1173","no","no"
"1174","yes","no"
"1175","no","no"
"1176","no","no"
"1177","yes","no"
"1178","yes","no"
"1179","yes","no"
"1180","no","no"
"1181","yes","no"
"1182","no","no"
"1183","yes","no"
"1184","yes","no"
"1185","no","no"
"1186","no","no"
"1187","no","no"
"1188","no","no"
"1189","yes","no"
"1190","no","no"
"1191","no","no"
"1192","no","no"
"1193","no","no"
"1194","no","no"
"1195","no","no"
"1196","yes","no"
"1197","no","no"
"1198","no","no"
"1199","no","no"
"1200","no","no"
"1201","no","no"
"1202","no","no"
"1203","yes","no"
"1204","no","no"
"1205","yes","no"
"1206","no","no"
"1207","no","no"
"1208","no","no"
"1209","no","no"
"1210","no","no"
"1211","no","no"
"1212","no","no"
"1213","no","no"
"1214","no","no"
"1215","no","no"
"1216","no","no"
"1217","no","no"
"1218","no","no"
"1219","yes","no"
"1220","no","no"
"1221","yes","no"
"1222","no","no"
"1223","no","no"
"1224","no","no"
"1225","no","no"
"1226","no","no"
"1227","no","no"
"1228","no","no"
"1229","no","no"
"1230","yes","no"
"1231","no","no"
"1232","no","no"
"1233","no","no"
"1234","yes","no"
"1235","no","no"
"1236","no","no"
"1237","no","no"
"1238","no","no"
"1239","no","no"
"1240","no","no"
"1241","yes","no"
"1242","yes","no"
"1243","no","no"
"1244","no","no"
"1245","no","no"
"1246","no","no"
"1247","no","no"
"1248","no","no"
"1249","no","no"
"1250","yes","no"
"1251","no","no"
"1252","no","no"
"1253","no","no"
"1254","no","no"
"1255","yes","no"
"1256","no","no"
"1257","no","no"
"1258","no","no"
"1259","no","no"
"1260","no","no"
"1261","no","no"
"1262","no","no"
"1263","no","no"
"1264","no","no"
"1265","no","no"
"1266","no","no"
"1267","no","no"
"1268","yes","no"
"1269","no","no"
"1270","no","no"
"1271","no","no"
"1272","no","no"
"1273","yes","no"
"1274","no","no"
"1275","no","no"
"1276","no","no"
"1277","no","no"
"1278","yes","no"
"1279","no","no"
"1280","no","no"
"1281","no","no"
"1282","no","no"
"1283","no","no"
"1284","no","no"
"1285","no","no"
"1286","no","no"
"1287","no","no"
"1288","no","no"
"1289","no","no"
"1290","yes","no"
"1291","yes","no"
"1292","no","no"
"1293","no","no"
"1294","no","no"
"1295","no","no"
"1296","no","no"
"1297","no","no"
"1298","no","no"
"1299","no","no"
"1300","no","no"
"1301","no","no"
"1302","no","no"
"1303","no","no"
"1304","yes","no"
"1305","no","no"
"1306","no","no"
"1307","no","no"
"1308","no","no"
"1309","no","no"
"1310","no","no"
"1311","no","no"
"1312","no","no"
"1313","no","no"
"1314","yes","no"
"1315","no","no"
"1316","no","no"
"1317","no","no"
"1318","no","no"
"1319","no","no"
"1320","no","no"
"1321","no","no"
"1322","no","no"
"1323","yes","no"
"1324","no","no"
"1325","yes","no"
"1326","no","no"
"1327","no","no"
"1328","no","no"
"1329","no","no"
"1330","no","no"
"1331","no","no"
"1332","no","no"
"1333","no","no"
"1334","no","no"
"1335","yes","no"
"1336","no","no"
"1337","yes","no"
"1338","yes","no"
"1339","no","no"
"1340","no","no"
"1341","no","no"
"1342","no","no"
"1343","no","no"
"1344","no","no"
"1345","no","no"
"1346","no","no"
"1347","no","no"
"1348","no","no"
"1349","no","no"
"1350","no","no"
"1351","no","no"
"1352","no","no"
"1353","no","no"
"1354","no","no"
"1355","no","no"
"1356","no","no"
"1357","no","no"
"1358","no","no"
"1359","yes","no"
"1360","no","no"
"1361","no","no"
"1362","no","no"
"1363","yes","no"
"1364","no","no"
"1365","no","no"
"1366","no","no"
"1367","yes","no"
"1368","no","no"
"1369","no","no"
"1370","no","no"
"1371","no","no"
"1372","no","no"
"1373","no","no"
"1374","yes","no"
"1375","no","no"
"1376","no","no"
"1377","yes","no"
"1378","no","no"
"1379","no","no"
"1380","no","no"
"1381","no","no"
"1382","no","no"
"1383","no","no"
"1384","no","no"
"1385","no","no"
"1386","no","no"
"1387","no","no"
"1388","no","no"
"1389","no","no"
"1390","no","no"
"1391","no","no"
"1392","no","no"
"1393","yes","no"
"1394","no","no"
"1395","yes","no"
"1396","no","no"
"1397","no","no"
"1398","no","no"
"1399","no","no"
"1400","no","no"
"1401","no","no"
"1402","no","no"
"1403","yes","no"
"1404","no","no"
"1405","no","no"
"1406","no","no"
"1407","no","no"
"1408","no","no"
"1409","yes","no"
"1410","yes","no"
"1411","yes","no"
"1412","no","no"
"1413","no","no"
"1414","no","no"
"1415","no","no"
"1416","no","no"
"1417","yes","no"
"1418","no","no"
"1419","no","no"
"1420","no","no"
"1421","no","no"
"1422","no","no"
"1423","no","no"
"1424","no","no"
"1425","no","no"
"1426","no","no"
"1427","no","no"
"1428","no","no"
"1429","no","no"
"1430","no","no"
"1431","no","no"
"1432","no","no"
"1433","yes","no"
"1434","no","no"
"1435","no","no"
"1436","yes","no"
"1437","yes","no"
"1438","no","no"
"1439","no","no"
"1440","no","no"
"1441","no","no"
"1442","no","no"
"1443","no","no"
"1444","no","no"
"1445","yes","no"
"1446","no","no"
"1447","no","no"
"1448","no","no"
"1449","yes","no"
"1450","no","no"
"1451","yes","no"
"1452","no","no"
"1453","no","no"
"1454","no","no"
"1455","no","no"
"1456","no","no"
"1457","no","no"
"1458","yes","no"
"1459","no","no"
"1460","no","no"
"1461","no","no"
"1462","no","no"
"1463","yes","no"
"1464","no","no"
"1465","no","no"
"1466","no","no"
"1467","no","no"
"1468","yes","no"
"1469","no","no"
"1470","no","no"
"1471","no","no"
"1472","no","no"
"1473","no","no"
"1474","no","no"
"1475","no","no"
"1476","no","no"
"1477","no","no"
"1478","no","no"
"1479","no","no"
"1480","no","no"
"1481","no","no"
"1482","no","no"
"1483","yes","no"
"1484","no","no"
"1485","yes","no"
"1486","yes","no"
"1487","yes","no"
"1488","no","no"
"1489","no","no"
"1490","no","no"
"1491","no","no"
"1492","no","no"
"1493","no","no"
"1494","no","no"
"1495","no","no"
"1496","no","no"
"1497","no","no"
"1498","yes","no"
"1499","no","no"
"1500","no","no"
"1501","yes","no"
"1502","no","no"
"1503","no","no"
"1504","no","no"
"1505","no","no"
"1506","no","no"
"1507","no","no"
"1508","yes","no"
"1509","no","no"
"1510","no","no"
"1511","no","no"
"1512","no","no"
"1513","no","no"
"1514","no","no"
"1515","no","no"
"1516","no","no"
"1517","yes","no"
"1518","no","no"
"1519","no","no"
"1520","no","no"
"1521","no","no"
"1522","yes","no"
"1523","no","no"
"1524","no","no"
"1525","yes","no"
"1526","no","no"
"1527","yes","no"
"1528","no","no"
"1529","yes","no"
"1530","no","no"
"1531","no","no"
"1532","no","no"
"1533","no","no"
"1534","yes","no"
"1535","no","no"
"1536","no","no"
"1537","no","no"
"1538","no","no"
"1539","no","no"
"1540","no","no"
"1541","no","no"
"1542","no","no"
"1543","no","no"
"1544","no","no"
"1545","no","no"
"1546","no","no"
"1547","no","no"
"1548","no","no"
"1549","yes","no"
"1550","no","no"
"1551","no","no"
"1552","no","no"
"1553","no","no"
"1554","no","no"
"1555","no","no"
"1556","no","no"
"1557","no","no"
"1558","no","no"
"1559","no","no"
"1560","no","no"
"1561","no","no"
"1562","no","no"
"1563","no","no"
"1564","no","no"
"1565","no","no"
"1566","no","no"
"1567","no","no"
"1568","yes","no"
"1569","no","no"
"1570","no","no"
"1571","no","no"
"1572","no","no"
"1573","no","no"
"1574","no","no"
"1575","no","no"
"1576","no","no"
"1577","no","no"
"1578","no","no"
"1579","yes","no"
"1580","no","no"
"1581","no","no"
"1582","no","no"
"1583","no","no"
"1584","no","no"
"1585","no","no"
"1586","no","no"
"1587","no","no"
"1588","no","no"
"1589","no","no"
"1590","no","no"
"1591","no","no"
"1592","no","no"
"1593","no","no"
"1594","yes","no"
"1595","no","no"
"1596","yes","no"
"1597","yes","no"
"1598","no","no"
"1599","yes","no"
"1600","yes","no"
"1601","yes","no"
"1602","no","no"
"1603","no","no"
"1604","no","no"
"1605","yes","no"
"1606","no","no"
"1607","no","no"
"1608","no","no"
"1609","no","no"
"1610","no","no"
"1611","no","no"
"1612","no","no"
"1613","no","no"
"1614","no","no"
"1615","no","no"
"1616","no","no"
"1617","no","no"
"1618","no","no"
"1619","no","no"
"1620","no","no"
"1621","no","no"
"1622","no","no"
"1623","yes","no"
"1624","no","no"
"1625","no","no"
"1626","no","no"
"1627","yes","no"
"1628","yes","no"
"1629","no","no"
"1630","no","no"
"1631","yes","no"
"1632","no","no"
"1633","no","no"
"1634","yes","no"
"1635","yes","no"
"1636","no","no"
"1637","no","no"
"1638","yes","no"
"1639","no","no"
"1640","no","no"
"1641","yes","no"
"1642","no","no"
"1643","no","no"
"1644","yes","no"
"1645","no","no"
"1646","no","no"
"1647","yes","no"
"1648","yes","no"
"1649","no","no"
"1650","no","no"
"1651","no","no"
"1652","no","no"
"1653","no","no"
"1654","yes","no"
"1655","yes","no"
"1656","no","no"
"1657","no","no"
"1658","yes","no"
"1659","no","no"
"1660","no","no"
"1661","no","no"
"1662","no","no"
"1663","no","no"
"1664","no","no"
"1665","no","no"
"1666","no","no"
"1667","no","no"
"1668","yes","no"
"1669","no","no"
"1670","no","no"
"1671","no","no"
"1672","no","no"
"1673","yes","no"
"1674","no","no"
"1675","no","no"
"1676","no","no"
"1677","no","no"
"1678","no","no"
"1679","no","no"
"1680","no","no"
"1681","no","no"
"1682","no","no"
"1683","no","no"
"1684","no","no"
"1685","no","no"
"1686","no","no"
"1687","yes","no"
"1688","no","no"
"1689","no","no"
"1690","no","no"
"1691","no","no"
"1692","no","no"
"1693","no","no"
"1694","yes","no"
"1695","yes","no"
"1696","no","no"
"1697","no","no"
"1698","no","no"
"1699","yes","no"
"1700","no","no"
"1701","no","no"
"1702","no","no"
"1703","no","no"
"1704","yes","no"
"1705","no","no"
"1706","no","no"
"1707","no","no"
"1708","no","no"
"1709","no","no"
"1710","no","no"
"1711","no","no"
"1712","no","no"
"1713","no","no"
"1714","no","no"
"1715","yes","no"
"1716","no","no"
"1717","no","no"
"1718","yes","no"
"1719","no","no"
"1720","no","no"
"1721","yes","no"
"1722","no","no"
"1723","no","no"
"1724","no","no"
"1725","no","no"
"1726","no","no"
"1727","no","no"
"1728","no","no"
"1729","yes","no"
"1730","no","no"
"1731","no","no"
"1732","yes","no"
"1733","no","no"
"1734","no","no"
"1735","no","no"
"1736","no","no"
"1737","no","no"
"1738","no","no"
"1739","yes","no"
"1740","no","no"
"1741","no","no"
"1742","no","no"
"1743","no","no"
"1744","no","no"
"1745","no","no"
"1746","no","no"
"1747","no","no"
"1748","no","no"
"1749","no","no"
"1750","no","no"
"1751","no","no"
"1752","yes","no"
"1753","no","no"
"1754","no","no"
"1755","no","no"
"1756","no","no"
"1757","no","no"
"1758","no","no"
"1759","no","no"
"1760","no","no"
"1761","no","no"
"1762","no","no"
"1763","no","no"
"1764","no","no"
"1765","yes","no"
"1766","no","no"
"1767","no","no"
"1768","no","no"
"1769","no","no"
"1770","no","no"
"1771","no","no"
"1772","no","no"
"1773","yes","no"
"1774","no","no"
"1775","yes","no"
"1776","no","no"
"1777","no","no"
"1778","yes","no"
"1779","no","no"
"1780","yes","no"
"1781","no","no"
"1782","yes","no"
"1783","no","no"
"1784","yes","no"
"1785","no","no"
"1786","no","no"
"1787","no","no"
"1788","no","no"
"1789","no","no"
"1790","no","no"
"1791","no","no"
"1792","no","no"
"1793","yes","no"
"1794","no","no"
"1795","no","no"
"1796","no","no"
"1797","no","no"
"1798","no","no"
"1799","no","no"
"1800","no","no"
"1801","no","no"
"1802","yes","no"
"1803","yes","no"
"1804","no","no"
"1805","no","no"
"1806","no","no"
"1807","yes","no"
"1808","yes","no"
"1809","no","no"
"1810","yes","no"
"1811","no","no"
"1812","no","no"
"1813","no","no"
"1814","no","no"
"1815","no","no"
"1816","no","no"
"1817","no","no"
"1818","no","no"
"1819","no","no"
"1820","no","no"
"1821","no","no"
"1822","no","no"
"1823","no","no"
"1824","no","no"
"1825","no","no"
"1826","no","no"
"1827","no","no"
"1828","no","no"
"1829","no","no"
"1830","no","no"
"1831","yes","no"
"1832","yes","no"
"1833","no","no"
"1834","no","no"
"1835","yes","no"
"1836","yes","no"
"1837","no","no"
"1838","yes","no"
"1839","no","no"
"1840","yes","no"
"1841","yes","no"
"1842","no","no"
"1843","no","no"
"1844","no","no"
"1845","no","no"
"1846","no","no"
"1847","no","no"
"1848","no","no"
"1849","no","no"
"1850","no","no"
"1851","no","no"
"1852","yes","no"
"1853","no","no"
"1854","no","no"
"1855","no","no"
"1856","yes","no"
"1857","no","no"
"1858","no","no"
"1859","no","no"
"1860","no","no"
"1861","no","no"
"1862","no","no"
"1863","no","no"
"1864","yes","no"
"1865","no","no"
"1866","no","no"
"1867","no","no"
"1868","yes","no"
"1869","no","no"
"1870","yes","no"
"1871","yes","no"
"1872","no","no"
"1873","yes","no"
"1874","no","no"
"1875","no","no"
"1876","no","no"
"1877","no","no"
"1878","no","no"
"1879","no","no"
"1880","no","no"
"1881","no","no"
"1882","no","no"
"1883","no","no"
"1884","yes","no"
"1885","no","no"
"1886","no","no"
"1887","no","no"
"1888","no","no"
"1889","no","no"
"1890","yes","no"
"1891","no","no"
"1892","yes","no"
"1893","no","no"
"1894","no","no"
"1895","yes","no"
"1896","yes","no"
"1897","no","no"
"1898","no","no"
"1899","no","no"
"1900","no","no"
"1901","no","no"
"1902","no","no"
"1903","yes","no"
"1904","no","no"
"1905","no","no"
"1906","yes","no"
"1907","yes","no"
"1908","no","no"
"1909","no","no"
"1910","no","no"
"1911","no","no"
"1912","yes","no"
"1913","yes","no"
"1914","yes","no"
"1915","yes","no"
"1916","no","no"
"1917","no","no"
"1918","yes","no"
"1919","no","no"
"1920","no","no"
"1921","yes","no"
"1922","no","no"
"1923","no","no"
"1924","no","no"
"1925","no","no"
"1926","yes","no"
"1927","no","no"
"1928","no","no"
"1929","no","no"
"1930","no","no"
"1931","yes","no"
"1932","no","no"
"1933","no","no"
"1934","no","no"
"1935","yes","no"
"1936","no","no"
"1937","yes","no"
"1938","no","no"
"1939","yes","no"
"1940","no","no"
"1941","no","no"
"1942","yes","no"
"1943","no","no"
"1944","no","no"
"1945","no","no"
"1946","no","no"
"1947","no","no"
"1948","no","no"
"1949","no","no"
"1950","yes","no"
"1951","yes","no"
"1952","yes","no"
"1953","no","no"
"1954","no","no"
"1955","no","no"
"1956","no","no"
"1957","no","no"
"1958","no","no"
"1959","no","no"
"1960","yes","no"
"1961","no","no"
"1962","yes","no"
"1963","no","no"
"1964","yes","no"
"1965","no","no"
"1966","no","no"
"1967","yes","no"
"1968","no","no"
"1969","no","no"
"1970","yes","no"
"1971","no","no"
"1972","no","no"
"1973","yes","no"
"1974","no","no"
"1975","yes","no"
"1976","yes","no"
"1977","no","no"
"1978","no","no"
"1979","no","no"
"1980","yes","no"
"1981","no","no"
"1982","no","no"
"1983","no","no"
"1984","no","no"
"1985","no","no"
"1986","no","no"
"1987","no","no"
"1988","no","no"
"1989","no","no"
"1990","yes","no"
"1991","no","no"
"1992","yes","no"
"1993","no","no"
"1994","no","no"
"1995","no","no"
"1996","no","no"
"1997","no","no"
"1998","no","no"
"1999","no","no"
"2000","no","no"
"2001","no","no"
"2002","no","no"
"2003","yes","no"
"2004","yes","no"
"2005","no","no"
"2006","no","no"
"2007","no","no"
"2008","yes","no"
"2009","no","no"
"2010","no","no"
"2011","no","no"
"2012","no","no"
"2013","no","no"
"2014","no","no"
"2015","no","no"
"2016","no","no"
"2017","no","no"
"2018","no","no"
"2019","no","no"
"2020","yes","no"
"2021","no","no"
"2022","no","no"
"2023","no","no"
"2024","no","no"
"2025","yes","no"
"2026","no","no"
"2027","yes","no"
"2028","no","no"
"2029","no","no"
"2030","no","no"
"2031","no","no"
"2032","yes","no"
"2033","no","no"
"2034","no","no"
"2035","yes","no"
"2036","no","no"
"2037","no","no"
"2038","no","no"
"2039","no","no"
"2040","no","no"
"2041","no","no"
"2042","no","no"
"2043","no","no"
"2044","no","no"
"2045","no","no"
"2046","no","no"
"2047","no","no"
"2048","no","no"
"2049","no","no"
"2050","no","no"
"2051","no","no"
"2052","no","no"
"2053","no","no"
"2054","no","no"
"2055","no","no"
"2056","no","no"
"2057","no","no"
"2058","no","no"
"2059","no","no"
"2060","no","no"
"2061","yes","no"
"2062","no","no"
"2063","no","no"
"2064","no","no"
"2065","no","no"
"2066","no","no"
"2067","no","no"
"2068","no","no"
"2069","no","no"
"2070","yes","no"
"2071","no","no"
"2072","yes","no"
"2073","no","no"
"2074","no","no"
"2075","no","no"
"2076","yes","no"
"2077","yes","no"
"2078","yes","no"
"2079","no","no"
"2080","no","no"
"2081","yes","no"
"2082","no","no"
"2083","yes","no"
"2084","no","no"
"2085","no","no"
"2086","no","no"
"2087","yes","no"
"2088","no","no"
"2089","no","no"
"2090","no","no"
"2091","no","no"
"2092","no","no"
"2093","no","no"
"2094","no","no"
"2095","no","no"
"2096","no","no"
"2097","yes","no"
"2098","no","no"
"2099","no","no"
"2100","no","no"
"2101","no","no"
"2102","yes","no"
"2103","yes","no"
"2104","yes","no"
"2105","no","no"
"2106","no","no"
"2107","yes","no"
"2108","no","no"
"2109","no","no"
"2110","yes","no"
"2111","no","no"
"2112","no","no"
"2113","no","no"
"2114","no","no"
"2115","yes","no"
"2116","yes","no"
"2117","no","no"
"2118","no","no"
"2119","yes","no"
"2120","no","no"
"2121","no","no"
"2122","no","no"
"2123","no","no"
"2124","no","no"
"2125","no","no"
"2126","yes","no"
"2127","no","no"
"2128","yes","no"
"2129","no","no"
"2130","no","no"
"2131","no","no"
"2132","no","no"
"2133","no","no"
"2134","no","no"
"2135","no","no"
"2136","no","no"
"2137","yes","no"
"2138","no","no"
"2139","yes","no"
"2140","no","no"
"2141","no","no"
"2142","no","no"
"2143","no","no"
"2144","no","no"
"2145","no","no"
"2146","no","no"
"2147","no","no"
"2148","no","no"
"2149","yes","no"
"2150","yes","no"
"2151","no","no"
"2152","yes","no"
"2153","no","no"
"2154","no","no"
"2155","no","no"
"2156","no","no"
"2157","no","no"
"2158","no","no"
"2159","yes","no"
"2160","no","no"
"2161","no","no"
"2162","no","no"
"2163","no","no"
"2164","no","no"
"2165","yes","no"
"2166","no","no"
"2167","yes","no"
"2168","no","no"
"2169","yes","no"
"2170","no","no"
"2171","no","no"
"2172","no","no"
"2173","no","no"
"2174","yes","no"
"2175","no","no"
"2176","no","no"
"2177","no","no"
"2178","yes","no"
"2179","no","no"
"2180","no","no"
"2181","no","no"
"2182","no","no"
"2183","yes","no"
"2184","no","no"
"2185","no","no"
"2186","no","no"
"2187","no","no"
"2188","yes","no"
"2189","yes","no"
"2190","no","no"
"2191","no","no"
"2192","no","no"
"2193","no","no"
"2194","no","no"
"2195","no","no"
"2196","no","no"
"2197","no","no"
"2198","no","no"
"2199","no","no"
"2200","no","no"
"2201","no","no"
"2202","no","no"
"2203","no","no"
"2204","no","no"
"2205","no","no"
"2206","yes","no"
"2207","yes","no"
"2208","yes","no"
"2209","no","no"
"2210","no","no"
"2211","yes","no"
"2212","no","no"
"2213","yes","no"
"2214","no","no"
"2215","no","no"
"2216","no","no"
"2217","no","no"
"2218","no","no"
"2219","no","no"
"2220","no","no"
"2221","yes","no"
"2222","yes","no"
"2223","no","no"
"2224","no","no"
"2225","yes","no"
"2226","no","no"
"2227","no","no"
"2228","no","no"
"2229","no","no"
"2230","no","no"
"2231","yes","no"
"2232","yes","no"
"2233","no","no"
"2234","no","no"
"2235","no","no"
"2236","no","no"
"2237","no","no"
"2238","no","no"
"2239","no","no"
"2240","yes","no"
"2241","no","no"
"2242","no","no"
"2243","no","no"
"2244","no","no"
"2245","no","no"
"2246","no","no"
"2247","no","no"
"2248","no","no"
"2249","no","no"
"2250","no","no"
"2251","no","no"
"2252","no","no"
"2253","no","no"
"2254","no","no"
"2255","yes","no"
"2256","no","no"
"2257","no","no"
"2258","no","no"
"2259","yes","no"
"2260","yes","no"
"2261","no","no"
"2262","no","no"
"2263","no","no"
"2264","yes","no"
"2265","no","no"
"2266","yes","no"
"2267","yes","no"
"2268","no","no"
"2269","no","no"
"2270","no","no"
"2271","no","no"
"2272","yes","no"
"2273","no","no"
"2274","no","no"
"2275","yes","no"
"2276","yes","no"
"2277","yes","no"
"2278","no","no"
"2279","yes","no"
"2280","no","no"
"2281","no","no"
"2282","no","no"
"2283","yes","no"
"2284","no","no"
"2285","no","no"
"2286","yes","no"
"2287","no","no"
"2288","no","no"
"2289","no","no"
"2290","yes","no"
"2291","yes","no"
"2292","yes","no"
"2293","no","no"
"2294","no","no"
"2295","no","no"
"2296","no","no"
"2297","no","no"
"2298","no","no"
"2299","no","no"
"2300","yes","no"
"2301","yes","no"
"2302","no","no"
"2303","yes","no"
"2304","no","no"
"2305","no","no"
"2306","no","no"
"2307","yes","no"
"2308","yes","no"
"2309","no","no"
"2310","no","no"
"2311","no","no"
"2312","no","no"
"2313","no","no"
"2314","no","no"
"2315","no","no"
"2316","yes","no"
"2317","yes","no"
"2318","no","no"
"2319","no","no"
"2320","no","no"
"2321","no","no"
"2322","no","no"
"2323","yes","no"
"2324","no","no"
"2325","no","no"
"2326","no","no"
"2327","no","no"
"2328","no","no"
"2329","no","no"
"2330","yes","no"
"2331","yes","no"
"2332","no","no"
"2333","no","no"
"2334","no","no"
"2335","no","no"
"2336","no","no"
"2337","no","no"
"2338","no","no"
"2339","no","no"
"2340","no","no"
"2341","no","no"
"2342","no","no"
"2343","no","no"
"2344","no","no"
"2345","no","no"
"2346","yes","no"
"2347","no","no"
"2348","no","no"
"2349","no","no"
"2350","no","no"
"2351","no","no"
"2352","no","no"
"2353","no","no"
"2354","no","no"
"2355","no","no"
"2356","no","no"
"2357","no","no"
"2358","no","no"
"2359","no","no"
"2360","no","no"
"2361","no","no"
"2362","no","no"
"2363","no","no"
"2364","yes","no"
"2365","yes","no"
"2366","no","no"
"2367","no","no"
"2368","no","no"
"2369","no","no"
"2370","no","no"
"2371","no","no"
"2372","no","no"
"2373","no","no"
"2374","no","no"
"2375","no","no"
"2376","no","no"
"2377","no","no"
"2378","yes","no"
"2379","yes","no"
"2380","no","no"
"2381","no","no"
"2382","yes","no"
"2383","no","no"
"2384","no","no"
"2385","no","no"
"2386","yes","no"
"2387","no","no"
"2388","yes","no"
"2389","no","no"
"2390","no","no"
"2391","no","no"
"2392","no","no"
"2393","no","no"
"2394","no","no"
"2395","no","no"
"2396","no","no"
"2397","no","no"
"2398","no","no"
"2399","no","no"
"2400","no","no"
"2401","no","no"
"2402","no","no"
"2403","no","no"
"2404","no","no"
"2405","no","no"
"2406","no","no"
"2407","yes","no"
"2408","no","no"
"2409","no","no"
"2410","no","no"
"2411","no","no"
"2412","no","no"
"2413","yes","no"
"2414","no","no"
"2415","no","no"
"2416","no","no"
"2417","yes","no"
"2418","no","no"
"2419","no","no"
"2420","no","no"
"2421","no","no"
"2422","yes","no"
"2423","no","no"
"2424","no","no"
"2425","no","no"
"2426","no","no"
"2427","no","no"
"2428","no","no"
"2429","no","no"
"2430","no","no"
"2431","no","no"
"2432","no","no"
"2433","no","no"
"2434","no","no"
"2435","no","no"
"2436","no","no"
"2437","yes","no"
"2438","no","no"
"2439","no","no"
"2440","no","no"
"2441","no","no"
"2442","no","no"
"2443","no","no"
"2444","no","no"
"2445","yes","no"
"2446","no","no"
"2447","no","no"
"2448","yes","no"
"2449","no","no"
"2450","no","no"
"2451","no","no"
"2452","no","no"
"2453","no","no"
"2454","no","no"
"2455","no","no"
"2456","no","no"
"2457","no","no"
"2458","yes","no"
"2459","no","no"
"2460","no","no"
"2461","no","no"
"2462","no","no"
"2463","no","no"
"2464","no","no"
"2465","yes","no"
"2466","no","no"
"2467","no","no"
"2468","yes","no"
"2469","no","no"
"2470","no","no"
"2471","no","no"
"2472","no","no"
"2473","no","no"
"2474","no","no"
"2475","no","no"
"2476","no","no"
"2477","no","no"
"2478","no","no"
"2479","no","no"
"2480","no","no"
"2481","no","no"
"2482","no","no"
"2483","no","no"
"2484","no","no"
"2485","no","no"
"2486","no","no"
"2487","yes","no"
"2488","no","no"
"2489","no","no"
"2490","no","no"
"2491","no","no"
"2492","no","no"
"2493","no","no"
"2494","no","no"
"2495","no","no"
"2496","yes","no"
"2497","no","no"
"2498","no","no"
"2499","no","no"
"2500","no","no"
"2501","yes","no"
"2502","no","no"
"2503","no","no"
"2504","no","no"
"2505","no","no"
"2506","no","no"
"2507","no","no"
"2508","no","no"
"2509","no","no"
"2510","no","no"
"2511","yes","no"
"2512","no","no"
"2513","no","no"
"2514","yes","no"
"2515","yes","no"
"2516","no","no"
"2517","no","no"
"2518","yes","no"
"2519","no","no"
"2520","no","no"
"2521","no","no"
"2522","no","no"
"2523","no","no"
"2524","no","no"
"2525","no","no"
"2526","no","no"
"2527","no","no"
"2528","no","no"
"2529","no","no"
"2530","no","no"
"2531","no","no"
"2532","no","no"
"2533","no","no"
"2534","yes","no"
"2535","no","no"
"2536","yes","no"
"2537","no","no"
"2538","no","no"
"2539","no","no"
"2540","yes","no"
"2541","no","no"
"2542","no","no"
"2543","no","no"
"2544","yes","no"
"2545","yes","no"
"2546","yes","no"
"2547","no","no"
"2548","no","no"
"2549","no","no"
"2550","no","no"
"2551","yes","no"
"2552","no","no"
"2553","yes","no"
"2554","no","no"
"2555","yes","no"
"2556","yes","no"
"2557","no","no"
"2558","no","no"
"2559","yes","no"
"2560","yes","no"
"2561","no","no"
"2562","yes","no"
"2563","no","no"
"2564","no","no"
"2565","no","no"
"2566","no","no"
"2567","yes","no"
"2568","no","no"
"2569","no","no"
"2570","yes","no"
"2571","no","no"
"2572","no","no"
"2573","no","no"
"2574","no","no"
"2575","no","no"
"2576","no","no"
"2577","no","no"
"2578","yes","no"
"2579","yes","no"
"2580","yes","no"
"2581","no","no"
"2582","no","no"
"2583","no","no"
"2584","no","no"
"2585","no","no"
"2586","no","no"
"2587","no","no"
"2588","no","no"
"2589","yes","no"
"2590","no","no"
"2591","yes","no"
"2592","no","no"
"2593","yes","no"
"2594","yes","no"
"2595","no","no"
"2596","yes","no"
"2597","no","no"
"2598","no","no"
"2599","no","no"
"2600","no","no"
"2601","no","no"
"2602","no","no"
"2603","no","no"
"2604","no","no"
"2605","yes","no"
"2606","no","no"
"2607","no","no"
"2608","yes","no"
"2609","no","no"
"2610","no","no"
"2611","no","no"
"2612","no","no"
"2613","no","no"
"2614","no","no"
"2615","no","no"
"2616","no","no"
"2617","yes","no"
"2618","no","no"
"2619","no","no"
"2620","no","no"
"2621","yes","no"
"2622","yes","no"
"2623","no","no"
"2624","no","no"
"2625","no","no"
"2626","no","no"
"2627","no","no"
"2628","no","no"
"2629","no","no"
"2630","no","no"
"2631","no","no"
"2632","no","no"
"2633","yes","no"
"2634","no","no"
"2635","no","no"
"2636","no","no"
"2637","yes","no"
"2638","no","no"
"2639","yes","no"
"2640","no","no"
"2641","no","no"
"2642","yes","no"
"2643","no","no"
"2644","no","no"
"2645","no","no"
"2646","yes","no"
"2647","no","no"
"2648","no","no"
"2649","no","no"
"2650","no","no"
"2651","no","no"
"2652","no","no"
"2653","no","no"
"2654","yes","no"
"2655","no","no"
"2656","no","no"
"2657","no","no"
"2658","no","no"
"2659","no","no"
"2660","no","no"
"2661","yes","no"
"2662","no","no"
"2663","no","no"
"2664","no","no"
"2665","no","no"
"2666","no","no"
"2667","no","no"
"2668","no","no"
"2669","no","no"
"2670","no","no"
"2671","no","no"
"2672","no","no"
"2673","no","no"
"2674","no","no"
"2675","no","no"
"2676","no","no"
"2677","no","no"
"2678","no","no"
"2679","no","no"
"2680","no","no"
"2681","no","no"
"2682","no","no"
"2683","no","no"
"2684","yes","no"
"2685","yes","no"
"2686","yes","no"
"2687","no","no"
"2688","no","no"
"2689","no","no"
"2690","no","no"
"2691","no","no"
"2692","yes","no"
"2693","no","no"
"2694","no","no"
"2695","no","no"
"2696","no","no"
"2697","no","no"
"2698","yes","no"
"2699","no","no"
"2700","no","no"
"2701","no","no"
"2702","no","no"
"2703","no","no"
"2704","no","no"
"2705","no","no"
"2706","yes","no"
"2707","no","no"
"2708","no","no"
"2709","no","no"
"2710","no","no"
"2711","no","no"
"2712","no","no"
"2713","yes","no"
"2714","yes","no"
"2715","yes","no"
"2716","no","no"
"2717","yes","no"
"2718","yes","no"
"2719","no","no"
"2720","no","no"
"2721","no","no"
"2722","no","no"
"2723","no","no"
"2724","no","no"
"2725","no","no"
"2726","yes","no"
"2727","yes","no"
"2728","no","no"
"2729","no","no"
"2730","no","no"
"2731","no","no"
"2732","no","no"
"2733","no","no"
"2734","no","no"
"2735","no","no"
"2736","no","no"
"2737","yes","no"
"2738","yes","no"
"2739","no","no"
"2740","yes","no"
"2741","no","no"
"2742","no","no"
"2743","no","no"
"2744","no","no"
"2745","no","no"
"2746","no","no"
"2747","no","no"
"2748","no","no"
"2749","no","no"
"2750","no","no"
"2751","yes","no"
"2752","no","no"
"2753","no","no"
"2754","yes","no"
"2755","no","no"
"2756","no","no"
"2757","no","no"
"2758","no","no"
"2759","no","no"
"2760","no","no"
"2761","no","no"
"2762","yes","no"
"2763","no","no"
"2764","no","no"
"2765","no","no"
"2766","no","no"
"2767","no","no"
"2768","no","no"
"2769","no","no"
"2770","no","no"
"2771","no","no"
"2772","yes","no"
"2773","no","no"
"2774","no","no"
"2775","no","no"
"2776","no","no"
"2777","no","no"
"2778","no","no"
"2779","yes","no"
"2780","no","no"
"2781","no","no"
"2782","no","no"
"2783","no","no"
"2784","yes","no"
"2785","no","no"
"2786","yes","no"
"2787","no","no"
"2788","yes","no"
"2789","no","no"
"2790","no","no"
"2791","no","no"
"2792","no","no"
"2793","yes","no"
"2794","no","no"
"2795","yes","no"
"2796","no","no"
"2797","no","no"
"2798","no","no"
"2799","no","no"
"2800","no","no"
"2801","no","no"
"2802","no","no"
"2803","no","no"
"2804","no","no"
"2805","no","no"
"2806","no","no"
"2807","no","no"
"2808","yes","no"
"2809","no","no"
"2810","no","no"
"2811","yes","no"
"2812","no","no"
"2813","yes","no"
"2814","yes","no"
"2815","yes","no"
"2816","no","no"
"2817","no","no"
"2818","no","no"
"2819","no","no"
"2820","no","no"
"2821","no","no"
"2822","no","no"
"2823","no","no"
"2824","yes","no"
"2825","no","no"
"2826","no","no"
"2827","no","no"
"2828","no","no"
"2829","no","no"
"2830","no","no"
"2831","yes","no"
"2832","no","no"
"2833","no","no"
"2834","no","no"
"2835","yes","no"
"2836","yes","no"
"2837","no","no"
"2838","no","no"
"2839","yes","no"
"2840","no","no"
"2841","yes","no"
"2842","no","no"
"2843","no","no"
"2844","yes","no"
"2845","no","no"
"2846","no","no"
"2847","no","no"
"2848","no","no"
"2849","no","no"
"2850","no","no"
"2851","yes","no"
"2852","yes","no"
"2853","no","no"
"2854","no","no"
"2855","no","no"
"2856","no","no"
"2857","no","no"
"2858","yes","no"
"2859","no","no"
"2860","no","no"
"2861","yes","no"
"2862","no","no"
"2863","no","no"
"2864","no","no"
"2865","no","no"
"2866","no","no"
"2867","no","no"
"2868","no","no"
"2869","no","no"
"2870","yes","no"
"2871","no","no"
"2872","no","no"
"2873","no","no"
"2874","no","no"
"2875","yes","no"
"2876","no","no"
"2877","no","no"
"2878","no","no"
"2879","no","no"
"2880","yes","no"
"2881","no","no"
"2882","no","no"
"2883","no","no"
"2884","no","no"
"2885","no","no"
"2886","yes","no"
"2887","no","no"
"2888","no","no"
"2889","no","no"
"2890","yes","no"
"2891","no","no"
"2892","no","no"
"2893","yes","no"
"2894","yes","no"
"2895","no","no"
"2896","no","no"
"2897","no","no"
"2898","no","no"
"2899","no","no"
"2900","yes","no"
"2901","no","no"
"2902","no","no"
"2903","no","no"
"2904","no","no"
"2905","no","no"
"2906","no","no"
"2907","no","no"
"2908","no","no"
"2909","yes","no"
"2910","no","no"
"2911","yes","no"
"2912","yes","no"
"2913","no","no"
"2914","yes","no"
"2915","no","no"
"2916","no","no"
"2917","no","no"
"2918","no","no"
"2919","no","no"
"2920","no","no"
"2921","yes","no"
"2922","no","no"
"2923","no","no"
"2924","no","no"
"2925","yes","no"
"2926","no","no"
"2927","no","no"
"2928","no","no"
"2929","no","no"
"2930","no","no"
"2931","no","no"
"2932","no","no"
"2933","no","no"
"2934","no","no"
"2935","no","no"
"2936","no","no"
"2937","no","no"
"2938","no","no"
"2939","no","no"
"2940","no","no"
"2941","no","no"
"2942","yes","no"
"2943","no","no"
"2944","yes","no"
"2945","no","no"
"2946","no","no"
"2947","no","no"
"2948","no","no"
"2949","no","no"
"2950","no","no"
"2951","no","no"
"2952","no","no"
"2953","no","no"
"2954","no","no"
"2955","no","no"
"2956","no","no"
"2957","yes","no"
"2958","no","no"
"2959","no","no"
"2960","yes","no"
"2961","no","no"
"2962","yes","no"
"2963","no","no"
"2964","yes","no"
"2965","no","no"
"2966","yes","no"
"2967","yes","no"
"2968","no","no"
"2969","no","no"
"2970","yes","no"
"2971","no","no"
"2972","no","no"
"2973","no","no"
"2974","yes","no"
"2975","yes","no"
"2976","no","no"
"2977","no","no"
"2978","no","no"
"2979","no","no"
"2980","no","no"
"2981","no","no"
"2982","no","no"
"2983","no","no"
"2984","no","no"
"2985","no","no"
"2986","yes","no"
"2987","no","no"
"2988","no","no"
"2989","yes","no"
"2990","yes","no"
"2991","no","no"
"2992","no","no"
"2993","no","no"
"2994","yes","no"
"2995","yes","no"
"2996","yes","no"
"2997","no","no"
"2998","no","no"
"2999","no","no"
"3000","no","no"
"3001","yes","no"
"3002","no","no"
"3003","no","no"
"3004","no","no"
"3005","no","no"
"3006","no","no"
"3007","yes","no"
"3008","yes","no"
"3009","no","no"
"3010","no","no"
"3011","no","no"
"3012","no","no"
"3013","no","no"
"3014","no","no"
"3015","no","no"
"3016","no","no"
"3017","no","no"
"3018","no","no"
"3019","no","no"
"3020","no","no"
"3021","yes","no"
"3022","yes","no"
"3023","no","no"
"3024","yes","no"
"3025","yes","no"
"3026","no","no"
"3027","no","no"
"3028","no","no"
"3029","no","no"
"3030","no","no"
"3031","no","no"
"3032","yes","no"
"3033","no","no"
"3034","no","no"
"3035","no","no"
"3036","no","no"
"3037","no","no"
"3038","no","no"
"3039","no","no"
"3040","no","no"
"3041","no","no"
"3042","no","no"
"3043","no","no"
"3044","no","no"
"3045","no","no"
"3046","no","no"
"3047","no","no"
"3048","no","no"
"3049","no","no"
"3050","yes","no"
"3051","no","no"
"3052","no","no"
"3053","no","no"
"3054","no","no"
"3055","no","no"
"3056","yes","no"
"3057","no","no"
"3058","no","no"
"3059","yes","no"
"3060","no","no"
"3061","yes","no"
"3062","no","no"
"3063","yes","no"
"3064","no","no"
"3065","no","no"
"3066","no","no"
"3067","no","no"
"3068","no","no"
"3069","yes","no"
"3070","no","no"
"3071","no","no"
"3072","no","no"
"3073","no","no"
"3074","yes","no"
"3075","yes","no"
"3076","no","no"
"3077","no","no"
"3078","yes","no"
"3079","no","no"
"3080","no","no"
"3081","no","no"
"3082","no","no"
"3083","no","no"
"3084","yes","no"
"3085","no","no"
"3086","yes","no"
"3087","no","no"
"3088","no","no"
"3089","no","no"
"3090","no","no"
"3091","no","no"
"3092","no","no"
"3093","yes","no"
"3094","no","no"
"3095","no","no"
"3096","yes","no"
"3097","no","no"
"3098","no","no"
"3099","no","no"
"3100","yes","no"
"3101","no","no"
"3102","yes","no"
"3103","no","no"
"3104","yes","no"
"3105","no","no"
"3106","no","no"
"3107","no","no"
"3108","no","no"
"3109","no","no"
"3110","no","no"
"3111","no","no"
"3112","no","no"
"3113","yes","no"
"3114","no","no"
"3115","yes","no"
"3116","yes","no"
"3117","no","no"
"3118","no","no"
"3119","no","no"
"3120","no","no"
"3121","no","no"
"3122","no","no"
"3123","yes","no"
"3124","no","no"
"3125","no","no"
"3126","no","no"
"3127","yes","no"
"3128","no","no"
"3129","no","no"
"3130","yes","no"
"3131","yes","no"
"3132","no","no"
"3133","no","no"
"3134","yes","no"
"3135","no","no"
"3136","no","no"
"3137","no","no"
"3138","no","no"
"3139","yes","no"
"3140","no","no"
"3141","yes","no"
"3142","no","no"
"3143","no","no"
"3144","no","no"
"3145","no","no"
"3146","no","no"
"3147","no","no"
"3148","no","no"
"3149","no","no"
"3150","no","no"
"3151","no","no"
"3152","no","no"
"3153","yes","no"
"3154","no","no"
"3155","no","no"
"3156","yes","no"
"3157","no","no"
"3158","no","no"
"3159","no","no"
"3160","no","no"
"3161","no","no"
"3162","no","no"
"3163","no","no"
"3164","no","no"
"3165","yes","no"
"3166","yes","no"
"3167","no","no"
"3168","yes","no"
"3169","no","no"
"3170","no","no"
"3171","no","no"
"3172","yes","no"
"3173","yes","no"
"3174","no","no"
"3175","no","no"
"3176","no","no"
"3177","no","no"
"3178","no","no"
"3179","no","no"
"3180","no","no"
"3181","no","no"
"3182","no","no"
"3183","no","no"
"3184","no","no"
"3185","no","no"
"3186","no","no"
"3187","no","no"
"3188","no","no"
"3189","yes","no"
"3190","yes","no"
"3191","no","no"
"3192","no","no"
"3193","no","no"
"3194","no","no"
"3195","yes","no"
"3196","yes","no"
"3197","yes","no"
"3198","no","no"
"3199","no","no"
"3200","yes","no"
"3201","no","no"
"3202","no","no"
"3203","no","no"
"3204","no","no"
"3205","no","no"
"3206","no","no"
"3207","no","no"
"3208","yes","no"
"3209","no","no"
"3210","no","no"
"3211","no","no"
"3212","no","no"
"3213","no","no"
"3214","no","no"
"3215","no","no"
"3216","yes","no"
"3217","yes","no"
"3218","no","no"
"3219","no","no"
"3220","no","no"
"3221","yes","no"
"3222","no","no"
"3223","yes","no"
"3224","yes","no"
"3225","no","no"
"3226","no","no"
"3227","no","no"
"3228","no","no"
"3229","no","no"
"3230","no","no"
"3231","no","no"
"3232","no","no"
"3233","no","no"
"3234","yes","no"
"3235","no","no"
"3236","no","no"
"3237","no","no"
"3238","no","no"
"3239","no","no"
"3240","no","no"
"3241","no","no"
"3242","no","no"
"3243","no","no"
"3244","yes","no"
"3245","no","no"
"3246","no","no"
"3247","no","no"
"3248","no","no"
"3249","no","no"
"3250","no","no"
"3251","no","no"
"3252","no","no"
"3253","no","no"
"3254","no","no"
"3255","no","no"
"3256","no","no"
"3257","no","no"
"3258","yes","no"
"3259","no","no"
"3260","no","no"
"3261","no","no"
"3262","no","no"
"3263","no","no"
"3264","no","no"
"3265","no","no"
"3266","no","no"
"3267","no","no"
"3268","yes","no"
"3269","no","no"
"3270","no","no"
"3271","no","no"
"3272","no","no"
"3273","no","no"
"3274","no","no"
"3275","no","no"
"3276","no","no"
"3277","no","no"
"3278","yes","no"
"3279","no","no"
"3280","no","no"
"3281","no","no"
"3282","yes","no"
"3283","no","no"
"3284","yes","no"
"3285","no","no"
"3286","no","no"
"3287","no","no"
"3288","no","no"
"3289","no","no"
"3290","no","no"
"3291","no","no"
"3292","no","no"
"3293","no","no"
"3294","no","no"
"3295","no","no"
"3296","no","no"
"3297","yes","no"
"3298","no","no"
"3299","yes","no"
"3300","yes","no"
"3301","no","no"
"3302","no","no"
"3303","no","no"
"3304","no","no"
"3305","yes","no"
"3306","no","no"
"3307","no","no"
"3308","no","no"
"3309","no","no"
"3310","no","no"
"3311","no","no"
"3312","no","no"
"3313","no","no"
"3314","no","no"
"3315","no","no"
"3316","no","no"
"3317","no","no"
"3318","no","no"
"3319","no","no"
"3320","no","no"
"3321","no","no"
"3322","yes","no"
"3323","no","no"
"3324","no","no"
"3325","yes","no"
"3326","yes","no"
"3327","no","no"
"3328","no","no"
"3329","no","no"
"3330","no","no"
"3331","no","no"
"3332","no","no"
"3333","no","no"
"3334","no","no"
"3335","yes","no"
"3336","no","no"
"3337","no","no"
"3338","yes","no"
"3339","no","no"
"3340","no","no"
"3341","no","no"
"3342","no","no"
"3343","yes","no"
"3344","no","no"
"3345","no","no"
"3346","no","no"
"3347","no","no"
"3348","no","no"
"3349","no","no"
"3350","no","no"
"3351","no","no"
"3352","no","no"
"3353","no","no"
"3354","no","no"
"3355","no","no"
"3356","no","no"
"3357","no","no"
"3358","yes","no"
"3359","no","no"
"3360","no","no"
"3361","no","no"
"3362","no","no"
"3363","yes","no"
"3364","no","no"
"3365","no","no"
"3366","yes","no"
"3367","no","no"
"3368","no","no"
"3369","no","no"
"3370","no","no"
"3371","no","no"
"3372","no","no"
"3373","no","no"
"3374","no","no"
"3375","no","no"
"3376","no","no"
"3377","no","no"
"3378","no","no"
"3379","no","no"
"3380","yes","no"
"3381","yes","no"
"3382","no","no"
"3383","no","no"
"3384","no","no"
"3385","no","no"
"3386","no","no"
"3387","no","no"
"3388","no","no"
"3389","no","no"
"3390","no","no"
"3391","no","no"
"3392","yes","no"
"3393","no","no"
"3394","no","no"
"3395","no","no"
"3396","no","no"
"3397","no","no"
"3398","no","no"
"3399","no","no"
"3400","no","no"
"3401","no","no"
"3402","no","no"
"3403","yes","no"
"3404","no","no"
"3405","no","no"
"3406","no","no"
"3407","no","no"
"3408","yes","no"
"3409","yes","no"
"3410","no","no"
"3411","yes","no"
"3412","no","no"
"3413","no","no"
"3414","no","no"
"3415","no","no"
"3416","yes","no"
"3417","yes","no"
"3418","no","no"
"3419","no","no"
"3420","no","no"
"3421","no","no"
"3422","no","no"
"3423","no","no"
"3424","no","no"
"3425","no","no"
"3426","no","no"
"3427","no","no"
"3428","no","no"
"3429","no","no"
"3430","no","no"
"3431","no","no"
"3432","yes","no"
"3433","no","no"
"3434","no","no"
"3435","no","no"
"3436","no","no"
"3437","no","no"
"3438","no","no"
"3439","no","no"
"3440","no","no"
"3441","no","no"
"3442","no","no"
"3443","no","no"
"3444","no","no"
"3445","no","no"
"3446","no","no"
"3447","no","no"
"3448","no","no"
"3449","no","no"
"3450","no","no"
"3451","no","no"
"3452","no","no"
"3453","no","no"
"3454","no","no"
"3455","no","no"
"3456","no","no"
"3457","no","no"
"3458","no","no"
"3459","no","no"
"3460","no","no"
"3461","no","no"
"3462","no","no"
"3463","no","no"
"3464","no","no"
"3465","no","no"
"3466","no","no"
"3467","no","no"
"3468","no","no"
"3469","no","no"
"3470","no","no"
"3471","no","no"
"3472","no","no"
"3473","no","no"
"3474","no","no"
"3475","no","no"
"3476","no","no"
"3477","no","no"
"3478","no","no"
"3479","no","no"
"3480","no","no"
"3481","no","no"
"3482","no","no"
"3483","no","no"
"3484","no","no"
"3485","no","no"
"3486","no","no"
"3487","no","no"
"3488","no","no"
"3489","no","no"
"3490","no","no"
"3491","no","no"
"3492","no","no"
"3493","no","no"
"3494","no","no"
"3495","yes","no"
"3496","no","no"
"3497","no","no"
"3498","no","no"
"3499","yes","no"
"3500","no","no"
"3501","no","no"
"3502","yes","no"
"3503","no","no"
"3504","no","no"
"3505","no","no"
"3506","no","no"
"3507","no","no"
"3508","yes","no"
"3509","no","no"
"3510","no","no"
"3511","no","no"
"3512","no","no"
"3513","no","no"
"3514","no","no"
"3515","yes","no"
"3516","no","no"
"3517","yes","no"
"3518","no","no"
"3519","no","no"
"3520","no","no"
"3521","no","no"
"3522","no","no"
"3523","no","no"
"3524","no","no"
"3525","no","no"
"3526","no","no"
"3527","no","no"
"3528","no","no"
"3529","no","no"
"3530","no","no"
"3531","no","no"
"3532","no","no"
"3533","yes","no"
"3534","yes","no"
"3535","no","no"
"3536","no","no"
"3537","no","no"
"3538","no","no"
"3539","no","no"
"3540","no","no"
"3541","no","no"
"3542","no","no"
"3543","yes","no"
"3544","yes","no"
"3545","no","no"
"3546","no","no"
"3547","no","no"
"3548","no","no"
"3549","no","no"
"3550","no","no"
"3551","yes","no"
"3552","no","no"
"3553","no","no"
"3554","no","no"
"3555","no","no"
"3556","no","no"
"3557","no","no"
"3558","yes","no"
"3559","no","no"
"3560","no","no"
"3561","no","no"
"3562","no","no"
"3563","no","no"
"3564","yes","no"
"3565","no","no"
"3566","no","no"
"3567","no","no"
"3568","no","no"
"3569","no","no"
"3570","no","no"
"3571","no","no"
"3572","no","no"
"3573","no","no"
"3574","no","no"
"3575","no","no"
"3576","no","no"
"3577","no","no"
"3578","no","no"
"3579","no","no"
"3580","no","no"
"3581","no","no"
"3582","no","no"
"3583","no","no"
"3584","no","no"
"3585","no","no"
"3586","no","yes"
"3587","yes","yes"
"3588","yes","yes"
"3589","yes","yes"
"3590","yes","yes"
"3591","no","yes"
"3592","no","yes"
"3593","yes","yes"
"3594","yes","yes"
"3595","yes","yes"
"3596","no","yes"
"3597","yes","yes"
"3598","yes","yes"
"3599","yes","yes"
"3600","yes","yes"
"3601","no","yes"
"3602","no","yes"
"3603","yes","yes"
"3604","yes","yes"
"3605","yes","yes"
"3606","yes","yes"
"3607","yes","yes"
"3608","yes","yes"
"3609","yes","yes"
"3610","yes","yes"
"3611","yes","yes"
"3612","no","yes"
"3613","yes","yes"
"3614","yes","yes"
"3615","yes","yes"
"3616","yes","yes"
"3617","yes","yes"
"3618","yes","yes"
"3619","yes","yes"
"3620","yes","yes"
"3621","yes","yes"
"3622","yes","yes"
"3623","no","yes"
"3624","yes","yes"
"3625","yes","yes"
"3626","yes","yes"
"3627","yes","yes"
"3628","yes","yes"
"3629","no","yes"
"3630","yes","yes"
"3631","yes","yes"
"3632","yes","yes"
"3633","yes","yes"
"3634","yes","yes"
"3635","yes","yes"
"3636","yes","yes"
"3637","no","yes"
"3638","yes","yes"
"3639","yes","yes"
"3640","yes","yes"
"3641","no","yes"
"3642","no","yes"
"3643","no","yes"
"3644","yes","yes"
"3645","yes","yes"
"3646","no","yes"
"3647","yes","yes"
"3648","yes","yes"
"3649","yes","yes"
"3650","no","yes"
"3651","yes","yes"
"3652","yes","yes"
"3653","yes","yes"
"3654","no","yes"
"3655","yes","yes"
"3656","yes","yes"
"3657","no","yes"
"3658","yes","yes"
"3659","yes","yes"
"3660","yes","yes"
"3661","yes","yes"
"3662","yes","yes"
"3663","yes","yes"
"3664","no","yes"
"3665","yes","yes"
"3666","no","yes"
"3667","yes","yes"
"3668","yes","yes"
"3669","yes","yes"
"3670","yes","yes"
"3671","yes","yes"
"3672","yes","yes"
"3673","yes","yes"
"3674","yes","yes"
"3675","yes","yes"
"3676","yes","yes"
"3677","no","yes"
"3678","yes","yes"
"3679","yes","yes"
"3680","yes","yes"
"3681","yes","yes"
"3682","yes","yes"
"3683","yes","yes"
"3684","no","yes"
"3685","yes","yes"
"3686","yes","yes"
"3687","yes","yes"
"3688","yes","yes"
"3689","no","yes"
"3690","yes","yes"
"3691","yes","yes"
"3692","yes","yes"
"3693","no","yes"
"3694","yes","yes"
"3695","yes","yes"
"3696","yes","yes"
"3697","yes","yes"
"3698","yes","yes"
"3699","yes","yes"
"3700","no","yes"
"3701","yes","yes"
"3702","yes","yes"
"3703","yes","yes"
"3704","yes","yes"
"3705","yes","yes"
"3706","yes","yes"
"3707","yes","yes"
"3708","yes","yes"
"3709","no","yes"
"3710","yes","yes"
"3711","yes","yes"
"3712","no","yes"
"3713","yes","yes"
"3714","yes","yes"
"3715","yes","yes"
"3716","no","yes"
"3717","no","yes"
"3718","yes","yes"
"3719","yes","yes"
"3720","yes","yes"
"3721","yes","yes"
"3722","yes","yes"
"3723","yes","yes"
"3724","yes","yes"
"3725","yes","yes"
"3726","yes","yes"
"3727","yes","yes"
"3728","yes","yes"
"3729","no","yes"
"3730","yes","yes"
"3731","yes","yes"
"3732","no","yes"
"3733","yes","yes"
"3734","yes","yes"
"3735","yes","yes"
"3736","yes","yes"
"3737","yes","yes"
"3738","yes","yes"
"3739","no","yes"
"3740","no","yes"
"3741","yes","yes"
"3742","yes","yes"
"3743","yes","yes"
"3744","yes","yes"
"3745","yes","yes"
"3746","yes","yes"
"3747","yes","yes"
"3748","yes","yes"
"3749","yes","yes"
"3750","yes","yes"
"3751","no","yes"
"3752","no","yes"
"3753","yes","yes"
"3754","yes","yes"
"3755","yes","yes"
"3756","yes","yes"
"3757","yes","yes"
"3758","no","yes"
"3759","yes","yes"
"3760","yes","yes"
"3761","yes","yes"
"3762","yes","yes"
"3763","no","yes"
"3764","no","yes"
"3765","no","yes"
"3766","no","yes"
"3767","yes","yes"
"3768","no","yes"
"3769","yes","yes"
"3770","yes","yes"
"3771","yes","yes"
"3772","yes","yes"
"3773","yes","yes"
"3774","yes","yes"
"3775","no","yes"
"3776","yes","yes"
"3777","yes","yes"
"3778","no","yes"
"3779","yes","yes"
"3780","no","yes"
"3781","yes","yes"
"3782","yes","yes"
"3783","yes","yes"
"3784","yes","yes"
"3785","yes","yes"
"3786","yes","yes"
"3787","yes","yes"
"3788","yes","yes"
"3789","yes","yes"
"3790","no","yes"
"3791","no","yes"
"3792","yes","yes"
"3793","no","yes"
"3794","no","yes"
"3795","yes","yes"
"3796","yes","yes"
"3797","yes","yes"
"3798","no","yes"
"3799","yes","yes"
"3800","yes","yes"
"3801","yes","yes"
"3802","yes","yes"
"3803","yes","yes"
"3804","yes","yes"
"3805","no","yes"
"3806","yes","yes"
"3807","yes","yes"
"3808","no","yes"
"3809","no","yes"
"3810","yes","yes"
"3811","yes","yes"
"3812","yes","yes"
"3813","yes","yes"
"3814","no","yes"
"3815","no","yes"
"3816","no","yes"
"3817","yes","yes"
"3818","yes","yes"
"3819","yes","yes"
"3820","yes","yes"
"3821","yes","yes"
"3822","yes","yes"
"3823","yes","yes"
"3824","no","yes"
"3825","yes","yes"
"3826","yes","yes"
"3827","no","yes"
"3828","no","yes"
"3829","yes","yes"
"3830","yes","yes"
"3831","yes","yes"
"3832","yes","yes"
"3833","yes","yes"
"3834","yes","yes"
"3835","yes","yes"
"3836","yes","yes"
"3837","yes","yes"
"3838","yes","yes"
"3839","no","yes"
"3840","no","no"
"3841","yes","no"
"3842","no","no"
"3843","no","no"
"3844","no","no"
"3845","no","no"
"3846","yes","no"
"3847","no","no"
"3848","no","no"
"3849","no","no"
"3850","no","no"
"3851","yes","no"
"3852","yes","no"
"3853","no","no"
"3854","no","no"
"3855","yes","no"
"3856","no","no"
"3857","no","no"
"3858","no","no"
"3859","no","no"
"3860","no","no"
"3861","no","no"
"3862","no","no"
"3863","no","no"
"3864","no","no"
"3865","no","no"
"3866","no","no"
"3867","no","no"
"3868","no","no"
"3869","no","no"
"3870","yes","no"
"3871","no","no"
"3872","yes","no"
"3873","no","no"
"3874","no","no"
"3875","no","no"
"3876","no","no"
"3877","no","no"
"3878","no","no"
"3879","no","no"
"3880","no","no"
"3881","no","no"
"3882","no","no"
"3883","no","no"
"3884","no","no"
"3885","no","no"
"3886","no","no"
"3887","no","no"
"3888","yes","no"
"3889","yes","no"
"3890","no","no"
"3891","no","no"
"3892","no","no"
"3893","no","no"
"3894","no","no"
"3895","no","no"
"3896","no","no"
"3897","no","no"
"3898","no","no"
"3899","no","no"
"3900","no","no"
"3901","no","no"
"3902","no","no"
"3903","yes","no"
"3904","no","no"
"3905","yes","no"
"3906","no","no"
"3907","yes","no"
"3908","no","no"
"3909","no","no"
"3910","no","no"
"3911","yes","no"
"3912","no","no"
"3913","no","no"
"3914","no","no"
"3915","no","no"
"3916","no","no"
"3917","no","no"
"3918","no","no"
"3919","no","no"
"3920","no","no"
"3921","no","no"
"3922","no","no"
"3923","no","no"
"3924","no","no"
"3925","no","no"
"3926","no","no"
"3927","no","no"
"3928","no","no"
"3929","no","no"
"3930","no","no"
"3931","yes","no"
"3932","no","no"
"3933","no","no"
"3934","no","no"
"3935","no","no"
"3936","no","no"
"3937","no","no"
"3938","yes","no"
"3939","no","no"
"3940","yes","no"
"3941","no","no"
"3942","no","no"
"3943","no","no"
"3944","no","no"
"3945","no","no"
"3946","no","no"
"3947","no","no"
"3948","no","no"
"3949","no","no"
"3950","no","no"
"3951","no","no"
"3952","yes","no"
"3953","yes","no"
"3954","no","no"
"3955","no","no"
"3956","no","no"
"3957","no","no"
"3958","yes","no"
"3959","no","no"
"3960","no","no"
"3961","no","no"
"3962","no","no"
"3963","no","no"
"3964","no","no"
"3965","no","no"
"3966","no","no"
"3967","no","no"
"3968","no","no"
"3969","no","no"
"3970","no","no"
"3971","no","no"
"3972","yes","no"
"3973","no","no"
"3974","no","no"
"3975","no","no"
"3976","yes","no"
"3977","yes","no"
"3978","no","no"
"3979","no","no"
"3980","no","no"
"3981","no","no"
"3982","no","no"
"3983","no","no"
"3984","yes","no"
"3985","yes","no"
"3986","no","no"
"3987","no","no"
"3988","yes","no"
"3989","yes","no"
"3990","no","no"
"3991","no","no"
"3992","no","no"
"3993","no","no"
"3994","no","no"
"3995","yes","no"
"3996","no","no"
"3997","no","no"
"3998","no","no"
"3999","no","no"
"4000","no","no"
"4001","no","no"
"4002","no","no"
"4003","no","no"
"4004","no","no"
"4005","no","no"
"4006","no","no"
"4007","no","no"
"4008","no","no"
"4009","no","no"
"4010","no","no"
"4011","no","no"
"4012","no","no"
"4013","no","no"
"4014","no","no"
"4015","no","no"
"4016","no","no"
"4017","no","no"
"4018","no","no"
"4019","no","no"
"4020","no","no"
"4021","no","no"
"4022","no","no"
"4023","no","no"
"4024","no","no"
"4025","no","no"
"4026","no","no"
"4027","yes","no"
"4028","no","no"
"4029","no","no"
"4030","no","no"
"4031","no","no"
"4032","no","no"
"4033","no","no"
"4034","no","no"
"4035","yes","no"
"4036","no","no"
"4037","no","no"
"4038","no","no"
"4039","no","no"
"4040","no","no"
"4041","no","no"
"4042","yes","no"
"4043","no","no"
"4044","yes","no"
"4045","no","no"
"4046","yes","no"
"4047","no","no"
"4048","no","no"
"4049","no","no"
"4050","no","no"
"4051","no","no"
"4052","no","no"
"4053","no","no"
"4054","no","no"
"4055","no","no"
"4056","no","no"
"4057","no","no"
"4058","no","no"
"4059","yes","no"
"4060","no","no"
"4061","no","no"
"4062","no","no"
"4063","no","no"
"4064","no","no"
"4065","no","no"
"4066","no","no"
"4067","no","no"
"4068","no","no"
"4069","no","no"
"4070","no","no"
"4071","no","no"
"4072","no","no"
"4073","no","no"
"4074","no","no"
"4075","no","no"
"4076","yes","no"
"4077","no","no"
"4078","yes","no"
"4079","no","no"
"4080","no","no"
"4081","no","no"
"4082","no","no"
"4083","no","no"
"4084","no","no"
"4085","yes","no"
"4086","yes","no"
"4087","yes","no"
"4088","no","no"
"4089","no","no"
"4090","no","no"
"4091","no","no"
"4092","no","no"
"4093","no","no"
"4094","yes","no"
"4095","no","no"
"4096","no","no"
"4097","no","no"
"4098","yes","no"
"4099","no","no"
"4100","no","no"
"4101","no","no"
"4102","no","no"
"4103","no","no"
"4104","no","no"
"4105","no","no"
"4106","no","no"
"4107","no","no"
"4108","no","no"
"4109","no","no"
"4110","no","no"
"4111","no","no"
"4112","no","no"
"4113","no","no"
"4114","no","no"
"4115","no","no"
"4116","no","no"
"4117","no","no"
"4118","no","no"
"4119","no","no"
"4120","no","no"
"4121","no","no"
"4122","no","no"
"4123","no","no"
"4124","no","no"
"4125","no","no"
"4126","no","no"
"4127","no","no"
"4128","no","no"
"4129","no","no"
"4130","no","no"
"4131","no","no"
"4132","no","no"
"4133","no","no"
"4134","no","no"
"4135","no","no"
"4136","no","no"
"4137","no","no"
"4138","no","no"
"4139","no","no"
"4140","no","no"
"4141","yes","no"
"4142","no","no"
"4143","no","no"
"4144","no","no"
"4145","no","no"
"4146","no","no"
"4147","no","no"
"4148","yes","no"
"4149","no","no"
"4150","no","no"
"4151","no","no"
"4152","no","no"
"4153","no","no"
"4154","no","no"
"4155","no","no"
"4156","no","no"
"4157","yes","no"
"4158","no","no"
"4159","no","no"
"4160","no","no"
"4161","no","no"
"4162","yes","no"
"4163","no","no"
"4164","no","no"
"4165","yes","no"
"4166","no","no"
"4167","no","no"
"4168","no","no"
"4169","no","no"
"4170","no","no"
"4171","no","no"
"4172","no","no"
"4173","no","no"
"4174","no","no"
"4175","yes","no"
"4176","no","no"
"4177","no","no"
"4178","no","no"
"4179","no","no"
"4180","no","no"
"4181","no","no"
"4182","no","no"
"4183","no","no"
"4184","no","no"
"4185","no","no"
"4186","no","no"
"4187","no","no"
"4188","no","no"
"4189","no","no"
"4190","no","no"
"4191","no","no"
"4192","no","no"
"4193","no","no"
"4194","no","no"
"4195","no","no"
"4196","no","no"
"4197","no","no"
"4198","yes","no"
"4199","no","no"
"4200","no","no"
"4201","no","no"
"4202","no","no"
"4203","yes","no"
"4204","no","no"
"4205","no","no"
"4206","no","no"
"4207","yes","no"
"4208","no","no"
"4209","no","no"
"4210","no","no"
"4211","no","no"
"4212","no","no"
"4213","no","no"
"4214","no","no"
"4215","yes","no"
"4216","no","no"
"4217","no","no"
"4218","no","no"
"4219","no","no"
"4220","no","no"
"4221","no","no"
"4222","no","no"
"4223","no","no"
"4224","no","no"
"4225","no","no"
"4226","no","no"
"4227","no","no"
"4228","no","no"
"4229","no","no"
"4230","no","no"
"4231","no","no"
"4232","yes","no"
"4233","yes","no"
"4234","no","no"
"4235","no","no"
"4236","no","no"
"4237","no","no"
"4238","no","no"
"4239","no","no"
"4240","no","no"
"4241","no","no"
"4242","no","no"
"4243","no","no"
"4244","no","no"
"4245","yes","no"
"4246","yes","no"
"4247","no","no"
"4248","no","no"
"4249","no","no"
"4250","no","no"
"4251","no","no"
"4252","no","yes"
"4253","yes","yes"
"4254","yes","yes"
"4255","yes","yes"
"4256","no","yes"
"4257","yes","yes"
"4258","yes","yes"
"4259","yes","yes"
"4260","yes","yes"
"4261","no","yes"
"4262","yes","yes"
"4263","no","yes"
"4264","yes","yes"
"4265","yes","yes"
"4266","yes","yes"
"4267","yes","yes"
"4268","no","yes"
"4269","yes","yes"
"4270","yes","yes"
"4271","yes","yes"
"4272","yes","yes"
"4273","yes","yes"
"4274","yes","yes"
"4275","yes","yes"
"4276","yes","yes"
"4277","no","yes"
"4278","no","yes"
"4279","yes","yes"
"4280","yes","yes"
"4281","no","yes"
"4282","yes","yes"
"4283","yes","yes"
"4284","no","yes"
"4285","yes","yes"
"4286","yes","yes"
"4287","yes","yes"
"4288","yes","yes"
"4289","yes","yes"
"4290","yes","yes"
"4291","yes","yes"
"4292","yes","yes"
"4293","no","yes"
"4294","yes","yes"
"4295","no","yes"
"4296","yes","yes"
"4297","yes","yes"
"4298","yes","yes"
"4299","yes","yes"
"4300","yes","yes"
"4301","yes","yes"
"4302","yes","yes"
"4303","yes","yes"
"4304","yes","yes"
"4305","yes","yes"
"4306","yes","yes"
"4307","yes","yes"
"4308","yes","yes"
"4309","yes","yes"
"4310","no","yes"
"4311","yes","yes"
"4312","no","yes"
"4313","no","yes"
"4314","yes","yes"
"4315","yes","yes"
"4316","yes","yes"
"4317","yes","yes"
"4318","yes","yes"
"4319","no","yes"
"4320","yes","yes"
"4321","yes","yes"
"4322","yes","yes"
"4323","yes","yes"
"4324","no","yes"
"4325","yes","yes"
"4326","no","yes"
"4327","yes","yes"
"4328","yes","yes"
"4329","yes","yes"
"4330","no","yes"
"4331","yes","yes"
"4332","yes","yes"
"4333","yes","yes"
"4334","no","yes"
"4335","yes","yes"
"4336","yes","yes"
"4337","yes","yes"
"4338","yes","yes"
"4339","yes","yes"
"4340","yes","yes"
"4341","yes","yes"
"4342","no","yes"
"4343","yes","yes"
"4344","no","yes"
"4345","yes","yes"
"4346","yes","yes"
"4347","yes","yes"
"4348","yes","yes"
"4349","no","yes"
"4350","yes","yes"
"4351","yes","yes"
"4352","no","yes"
"4353","yes","yes"
"4354","no","yes"
"4355","yes","yes"
"4356","yes","yes"
"4357","no","yes"
"4358","yes","yes"
"4359","yes","yes"
"4360","yes","yes"
"4361","yes","yes"
"4362","yes","yes"
"4363","yes","yes"
"4364","yes","yes"
"4365","yes","yes"
"4366","yes","yes"
"4367","no","yes"
"4368","yes","yes"
"4369","yes","yes"
"4370","no","yes"
"4371","yes","yes"
"4372","yes","yes"
"4373","no","yes"
"4374","no","yes"
"4375","yes","yes"
"4376","yes","yes"
"4377","yes","yes"
"4378","yes","yes"
"4379","yes","yes"
"4380","no","yes"
"4381","no","yes"
"4382","yes","yes"
"4383","no","yes"
"4384","yes","yes"
"4385","no","yes"
"4386","yes","yes"
"4387","yes","yes"
"4388","no","yes"
"4389","yes","yes"
"4390","no","yes"
"4391","yes","yes"
"4392","yes","yes"
"4393","no","yes"
"4394","yes","yes"
"4395","yes","yes"
"4396","no","yes"
"4397","no","yes"
"4398","yes","yes"
"4399","yes","yes"
"4400","yes","yes"
"4401","yes","yes"
"4402","yes","yes"
"4403","no","yes"
"4404","no","yes"
"4405","yes","yes"
"4406","yes","yes"
"4407","yes","yes"
"4408","yes","yes"
"4409","no","yes"
"4410","yes","yes"
"4411","no","yes"
"4412","yes","yes"
"4413","yes","yes"
"4414","yes","yes"
"4415","no","yes"
"4416","yes","yes"
"4417","no","yes"
"4418","yes","yes"
"4419","no","yes"
"4420","yes","yes"
"4421","yes","yes"
"4422","yes","yes"
"4423","no","yes"
"4424","yes","yes"
"4425","no","yes"
"4426","no","yes"
"4427","yes","yes"
"4428","yes","yes"
"4429","no","yes"
"4430","yes","yes"
"4431","yes","yes"
"4432","yes","yes"
"4433","yes","yes"
"4434","yes","yes"
"4435","yes","yes"
"4436","yes","yes"
"4437","yes","yes"
"4438","yes","yes"
"4439","no","yes"
"4440","yes","yes"
"4441","no","yes"
"4442","no","yes"
"4443","yes","yes"
"4444","no","yes"
"4445","yes","yes"
"4446","yes","yes"
"4447","yes","yes"
"4448","yes","yes"
"4449","yes","yes"
"4450","no","yes"
"4451","yes","yes"
"4452","yes","yes"
"4453","yes","yes"
"4454","no","yes"
"4455","no","yes"
"4456","yes","yes"
"4457","no","yes"
"4458","yes","yes"
"4459","no","yes"
"4460","yes","yes"
"4461","yes","yes"
"4462","no","yes"
"4463","yes","yes"
"4464","yes","yes"
"4465","yes","yes"
"4466","yes","yes"
"4467","yes","yes"
"4468","yes","yes"
"4469","yes","yes"
"4470","yes","yes"
"4471","yes","yes"
"4472","yes","yes"
"4473","yes","yes"
"4474","yes","yes"
"4475","yes","yes"
"4476","yes","yes"
"4477","yes","yes"
"4478","no","yes"
"4479","yes","yes"
"4480","yes","yes"
"4481","yes","yes"
"4482","yes","yes"
"4483","no","yes"
"4484","no","yes"
"4485","yes","yes"
"4486","yes","yes"
"4487","yes","yes"
"4488","yes","yes"
"4489","yes","yes"
"4490","no","yes"
"4491","yes","yes"
"4492","yes","yes"
"4493","yes","yes"
"4494","yes","yes"
"4495","yes","yes"
"4496","yes","yes"
"4497","yes","yes"
"4498","yes","yes"
"4499","yes","yes"
"4500","yes","yes"
