"","predvalues_RF","testdata_RF$left"
"3","yes","yes"
"4","yes","yes"
"11","yes","yes"
"17","yes","yes"
"32","yes","yes"
"34","yes","yes"
"36","yes","yes"
"39","yes","yes"
"40","yes","yes"
"41","yes","yes"
"42","yes","yes"
"43","yes","yes"
"46","no","yes"
"47","yes","yes"
"48","yes","yes"
"52","yes","yes"
"54","yes","yes"
"56","yes","yes"
"59","yes","yes"
"69","yes","yes"
"70","yes","yes"
"71","yes","yes"
"77","yes","yes"
"81","yes","yes"
"84","yes","yes"
"88","yes","yes"
"98","yes","yes"
"100","yes","yes"
"107","yes","yes"
"108","yes","yes"
"110","yes","yes"
"119","yes","yes"
"121","no","yes"
"124","yes","yes"
"127","yes","yes"
"134","yes","yes"
"142","yes","yes"
"145","yes","yes"
"146","yes","yes"
"150","yes","yes"
"156","yes","yes"
"161","yes","yes"
"162","yes","yes"
"168","yes","yes"
"170","yes","yes"
"173","yes","yes"
"175","no","yes"
"178","yes","yes"
"179","yes","yes"
"183","yes","yes"
"188","yes","yes"
"189","yes","yes"
"190","yes","yes"
"198","yes","yes"
"199","yes","yes"
"201","yes","yes"
"204","yes","yes"
"210","yes","yes"
"218","yes","yes"
"220","yes","yes"
"221","yes","yes"
"224","yes","yes"
"229","yes","yes"
"232","yes","yes"
"238","yes","yes"
"240","yes","yes"
"242","yes","yes"
"258","yes","yes"
"266","yes","yes"
"270","yes","yes"
"273","yes","yes"
"276","yes","yes"
"278","yes","yes"
"279","yes","yes"
"280","yes","yes"
"283","yes","yes"
"284","yes","yes"
"289","yes","yes"
"295","yes","yes"
"301","yes","yes"
"310","yes","yes"
"312","yes","yes"
"313","yes","yes"
"316","yes","yes"
"318","yes","yes"
"320","yes","yes"
"324","yes","yes"
"328","yes","yes"
"331","yes","yes"
"333","yes","yes"
"336","yes","yes"
"340","yes","yes"
"342","yes","yes"
"347","yes","yes"
"353","yes","yes"
"354","yes","yes"
"356","yes","yes"
"362","yes","yes"
"363","yes","yes"
"370","yes","yes"
"372","yes","yes"
"373","yes","yes"
"380","yes","yes"
"381","yes","yes"
"382","yes","yes"
"383","yes","yes"
"384","yes","yes"
"385","yes","yes"
"387","yes","yes"
"388","yes","yes"
"391","yes","yes"
"400","yes","yes"
"402","yes","yes"
"405","yes","yes"
"406","yes","yes"
"413","yes","yes"
"415","yes","yes"
"420","yes","yes"
"426","yes","yes"
"428","yes","yes"
"434","yes","yes"
"437","yes","yes"
"439","yes","yes"
"442","yes","yes"
"447","yes","yes"
"449","yes","yes"
"450","yes","yes"
"456","yes","yes"
"462","yes","yes"
"464","yes","yes"
"468","yes","yes"
"474","yes","yes"
"475","yes","yes"
"480","yes","yes"
"488","yes","yes"
"495","yes","yes"
"496","yes","yes"
"498","yes","yes"
"499","yes","yes"
"506","yes","yes"
"508","yes","yes"
"509","yes","yes"
"515","yes","yes"
"522","yes","yes"
"525","yes","yes"
"526","yes","yes"
"533","yes","yes"
"535","yes","yes"
"542","yes","yes"
"547","yes","yes"
"549","yes","yes"
"562","yes","yes"
"565","yes","yes"
"569","yes","yes"
"573","yes","yes"
"577","yes","yes"
"581","yes","yes"
"582","yes","yes"
"586","yes","yes"
"591","yes","yes"
"596","yes","yes"
"599","yes","yes"
"601","yes","yes"
"602","yes","yes"
"603","yes","yes"
"606","yes","yes"
"608","yes","yes"
"611","yes","yes"
"618","yes","yes"
"621","yes","yes"
"626","yes","yes"
"631","yes","yes"
"634","yes","yes"
"636","yes","yes"
"641","yes","yes"
"647","no","yes"
"649","yes","yes"
"653","yes","yes"
"659","yes","yes"
"660","yes","yes"
"663","yes","yes"
"665","yes","yes"
"667","no","yes"
"673","yes","yes"
"675","yes","yes"
"677","yes","yes"
"691","yes","yes"
"692","no","yes"
"694","yes","yes"
"698","yes","yes"
"700","yes","yes"
"702","yes","yes"
"711","yes","yes"
"712","yes","yes"
"720","yes","yes"
"732","yes","yes"
"739","yes","yes"
"741","yes","yes"
"742","no","yes"
"746","yes","yes"
"748","yes","yes"
"749","yes","yes"
"750","yes","yes"
"759","yes","yes"
"761","yes","yes"
"763","yes","yes"
"767","yes","yes"
"771","yes","yes"
"773","no","yes"
"780","yes","yes"
"787","yes","yes"
"792","yes","yes"
"793","yes","yes"
"797","yes","yes"
"801","yes","yes"
"802","yes","yes"
"803","yes","yes"
"805","yes","yes"
"807","yes","yes"
"813","yes","yes"
"814","no","yes"
"815","yes","yes"
"819","no","yes"
"822","yes","yes"
"824","yes","yes"
"827","yes","yes"
"830","yes","yes"
"836","yes","yes"
"840","yes","yes"
"841","yes","yes"
"846","yes","yes"
"848","yes","yes"
"853","yes","yes"
"855","yes","yes"
"861","yes","yes"
"868","yes","yes"
"870","yes","yes"
"872","yes","yes"
"874","yes","yes"
"875","yes","yes"
"877","yes","yes"
"883","yes","yes"
"887","yes","yes"
"888","yes","yes"
"889","yes","yes"
"892","yes","yes"
"897","yes","yes"
"899","yes","yes"
"909","yes","yes"
"919","yes","yes"
"929","yes","yes"
"930","yes","yes"
"932","no","yes"
"943","yes","yes"
"948","yes","yes"
"949","no","yes"
"950","yes","yes"
"951","yes","yes"
"963","yes","yes"
"965","yes","yes"
"966","no","yes"
"969","yes","yes"
"971","yes","yes"
"976","yes","yes"
"977","yes","yes"
"981","yes","yes"
"982","yes","yes"
"983","yes","yes"
"987","yes","yes"
"988","yes","yes"
"989","yes","yes"
"990","yes","yes"
"995","yes","yes"
"1001","yes","yes"
"1002","yes","yes"
"1010","yes","yes"
"1015","yes","yes"
"1017","yes","yes"
"1025","yes","yes"
"1026","yes","yes"
"1031","yes","yes"
"1033","yes","yes"
"1035","yes","yes"
"1042","yes","yes"
"1047","yes","yes"
"1054","yes","yes"
"1062","no","yes"
"1063","yes","yes"
"1064","yes","yes"
"1066","yes","yes"
"1071","yes","yes"
"1072","no","yes"
"1075","yes","yes"
"1081","yes","yes"
"1086","yes","yes"
"1087","yes","yes"
"1090","yes","yes"
"1091","yes","yes"
"1098","yes","yes"
"1101","yes","yes"
"1103","yes","yes"
"1104","yes","yes"
"1106","yes","yes"
"1107","yes","yes"
"1108","yes","yes"
"1109","yes","yes"
"1110","yes","yes"
"1111","yes","yes"
"1112","yes","yes"
"1116","yes","yes"
"1120","yes","yes"
"1121","yes","yes"
"1122","yes","yes"
"1123","yes","yes"
"1124","yes","yes"
"1126","yes","yes"
"1130","yes","yes"
"1132","yes","yes"
"1134","yes","yes"
"1135","yes","yes"
"1141","yes","yes"
"1144","yes","yes"
"1147","yes","yes"
"1150","yes","yes"
"1152","yes","yes"
"1153","yes","yes"
"1156","yes","yes"
"1162","yes","yes"
"1163","no","yes"
"1164","yes","yes"
"1172","yes","yes"
"1173","yes","yes"
"1175","yes","yes"
"1177","yes","yes"
"1179","yes","yes"
"1180","yes","yes"
"1183","yes","yes"
"1184","yes","yes"
"1186","yes","yes"
"1192","yes","yes"
"1196","yes","yes"
"1200","no","yes"
"1202","yes","yes"
"1206","yes","yes"
"1208","yes","yes"
"1209","yes","yes"
"1212","yes","yes"
"1214","yes","yes"
"1217","yes","yes"
"1219","yes","yes"
"1220","yes","yes"
"1223","yes","yes"
"1225","yes","yes"
"1226","yes","yes"
"1228","yes","yes"
"1231","yes","yes"
"1232","yes","yes"
"1233","yes","yes"
"1235","yes","yes"
"1238","yes","yes"
"1239","no","yes"
"1253","yes","yes"
"1256","yes","yes"
"1258","yes","yes"
"1260","yes","yes"
"1262","yes","yes"
"1268","yes","yes"
"1277","yes","yes"
"1284","yes","yes"
"1286","yes","yes"
"1289","yes","yes"
"1291","yes","yes"
"1292","yes","yes"
"1295","yes","yes"
"1297","yes","yes"
"1299","yes","yes"
"1302","yes","yes"
"1303","yes","yes"
"1305","yes","yes"
"1313","yes","yes"
"1318","yes","yes"
"1319","yes","yes"
"1321","yes","yes"
"1322","no","yes"
"1325","yes","yes"
"1326","yes","yes"
"1329","yes","yes"
"1335","yes","yes"
"1338","yes","yes"
"1339","no","yes"
"1344","yes","yes"
"1352","yes","yes"
"1353","yes","yes"
"1354","yes","yes"
"1355","yes","yes"
"1359","no","yes"
"1362","yes","yes"
"1363","yes","yes"
"1365","yes","yes"
"1367","yes","yes"
"1368","yes","yes"
"1369","yes","yes"
"1370","yes","yes"
"1375","yes","yes"
"1384","yes","yes"
"1385","yes","yes"
"1387","yes","yes"
"1389","no","yes"
"1390","yes","yes"
"1392","no","yes"
"1401","yes","yes"
"1402","yes","yes"
"1405","yes","yes"
"1406","yes","yes"
"1408","yes","yes"
"1410","yes","yes"
"1414","yes","yes"
"1416","no","yes"
"1419","yes","yes"
"1421","yes","yes"
"1423","yes","yes"
"1424","yes","yes"
"1426","yes","yes"
"1427","yes","yes"
"1435","yes","yes"
"1436","yes","yes"
"1437","yes","yes"
"1438","yes","yes"
"1445","yes","yes"
"1449","yes","yes"
"1459","yes","yes"
"1460","yes","yes"
"1478","yes","yes"
"1479","yes","yes"
"1481","yes","yes"
"1482","no","yes"
"1483","yes","yes"
"1485","yes","yes"
"1488","yes","yes"
"1493","yes","yes"
"1498","yes","yes"
"1505","yes","yes"
"1507","yes","yes"
"1511","yes","yes"
"1516","yes","yes"
"1517","yes","yes"
"1519","yes","yes"
"1524","yes","yes"
"1531","yes","yes"
"1538","yes","yes"
"1539","yes","yes"
"1542","no","yes"
"1546","yes","yes"
"1549","yes","yes"
"1555","yes","yes"
"1556","yes","yes"
"1561","yes","yes"
"1565","no","yes"
"1566","yes","yes"
"1569","yes","yes"
"1574","yes","yes"
"1576","yes","yes"
"1585","yes","yes"
"1588","yes","yes"
"1590","yes","yes"
"1594","yes","yes"
"1598","yes","yes"
"1605","yes","yes"
"1608","yes","yes"
"1612","yes","yes"
"1614","yes","yes"
"1619","yes","yes"
"1621","yes","yes"
"1629","yes","yes"
"1633","yes","yes"
"1641","yes","yes"
"1646","yes","yes"
"1650","yes","yes"
"1654","yes","yes"
"1659","yes","yes"
"1662","yes","yes"
"1663","yes","yes"
"1664","yes","yes"
"1665","yes","yes"
"1669","yes","yes"
"1670","no","yes"
"1671","yes","yes"
"1673","yes","yes"
"1681","yes","yes"
"1685","yes","yes"
"1687","yes","yes"
"1691","no","yes"
"1693","yes","yes"
"1695","yes","yes"
"1697","yes","yes"
"1703","yes","yes"
"1705","yes","yes"
"1706","yes","yes"
"1708","yes","yes"
"1711","yes","yes"
"1715","yes","yes"
"1717","yes","yes"
"1721","yes","yes"
"1722","no","yes"
"1723","yes","yes"
"1726","yes","yes"
"1729","no","yes"
"1730","yes","yes"
"1733","yes","yes"
"1736","yes","yes"
"1741","yes","yes"
"1744","yes","yes"
"1745","yes","yes"
"1748","yes","yes"
"1749","yes","yes"
"1751","yes","yes"
"1758","yes","yes"
"1760","yes","yes"
"1761","yes","yes"
"1763","no","yes"
"1775","yes","yes"
"1777","no","yes"
"1778","yes","yes"
"1779","no","yes"
"1781","yes","yes"
"1782","yes","yes"
"1784","yes","yes"
"1785","yes","yes"
"1788","yes","yes"
"1791","yes","yes"
"1795","yes","yes"
"1796","yes","yes"
"1802","yes","yes"
"1803","yes","yes"
"1810","yes","yes"
"1814","yes","yes"
"1816","yes","yes"
"1819","yes","yes"
"1821","yes","yes"
"1823","yes","yes"
"1831","yes","yes"
"1832","no","yes"
"1834","yes","yes"
"1838","yes","yes"
"1839","yes","yes"
"1840","yes","yes"
"1845","yes","yes"
"1848","yes","yes"
"1849","yes","yes"
"1857","yes","yes"
"1859","yes","yes"
"1866","yes","yes"
"1875","yes","yes"
"1876","yes","yes"
"1880","yes","yes"
"1884","yes","yes"
"1892","yes","yes"
"1895","yes","yes"
"1897","yes","yes"
"1898","yes","yes"
"1902","yes","yes"
"1910","yes","yes"
"1912","yes","yes"
"1913","yes","yes"
"1914","yes","yes"
"1919","yes","yes"
"1920","yes","yes"
"1923","yes","yes"
"1928","yes","yes"
"1935","yes","yes"
"1937","yes","yes"
"1943","yes","yes"
"1944","yes","yes"
"1957","yes","yes"
"1960","yes","yes"
"1964","yes","yes"
"1966","yes","yes"
"1967","yes","yes"
"1970","yes","yes"
"1971","no","yes"
"1975","yes","yes"
"1980","yes","yes"
"1983","yes","yes"
"1984","yes","yes"
"1987","yes","yes"
"1996","yes","yes"
"1999","yes","yes"
"2002","no","no"
"2005","no","no"
"2007","no","no"
"2009","no","no"
"2010","no","no"
"2012","no","no"
"2016","no","no"
"2026","no","no"
"2028","no","no"
"2033","no","no"
"2034","no","no"
"2049","no","no"
"2050","no","no"
"2053","no","no"
"2054","no","no"
"2056","no","no"
"2059","no","no"
"2062","no","no"
"2063","no","no"
"2067","no","no"
"2068","no","no"
"2069","no","no"
"2071","no","no"
"2074","no","no"
"2076","no","no"
"2084","no","no"
"2086","no","no"
"2087","no","no"
"2094","no","no"
"2101","no","no"
"2103","no","no"
"2105","no","no"
"2108","no","no"
"2109","no","no"
"2117","no","no"
"2119","no","no"
"2120","no","no"
"2124","no","no"
"2127","no","no"
"2128","no","no"
"2131","no","no"
"2134","no","no"
"2148","no","no"
"2152","no","no"
"2153","no","no"
"2155","no","no"
"2156","no","no"
"2158","no","no"
"2160","no","no"
"2163","no","no"
"2165","no","no"
"2170","no","no"
"2174","no","no"
"2176","no","no"
"2177","no","no"
"2179","no","no"
"2180","no","no"
"2182","no","no"
"2183","no","no"
"2184","no","no"
"2185","no","no"
"2186","no","no"
"2187","no","no"
"2188","no","no"
"2191","no","no"
"2195","no","no"
"2197","no","no"
"2201","no","no"
"2208","no","no"
"2211","no","no"
"2212","no","no"
"2216","no","no"
"2218","no","no"
"2220","no","no"
"2226","no","no"
"2229","no","no"
"2236","no","no"
"2239","no","no"
"2240","no","no"
"2243","no","no"
"2245","no","no"
"2246","no","no"
"2247","no","no"
"2248","no","no"
"2255","no","no"
"2257","no","no"
"2261","no","no"
"2264","no","no"
"2273","no","no"
"2274","no","no"
"2278","no","no"
"2282","no","no"
"2283","no","no"
"2288","no","no"
"2289","no","no"
"2290","no","no"
"2292","no","no"
"2293","no","no"
"2310","no","no"
"2313","no","no"
"2318","no","no"
"2323","no","no"
"2326","no","no"
"2328","no","no"
"2332","no","no"
"2333","no","no"
"2339","no","no"
"2343","no","no"
"2344","no","no"
"2346","no","no"
"2355","no","no"
"2359","no","no"
"2370","no","no"
"2371","no","no"
"2372","no","no"
"2376","no","no"
"2378","no","no"
"2388","no","no"
"2392","no","no"
"2395","no","no"
"2396","no","no"
"2400","no","no"
"2405","no","no"
"2407","no","no"
"2408","no","no"
"2415","no","no"
"2419","no","no"
"2422","no","no"
"2423","no","no"
"2429","no","no"
"2434","no","no"
"2436","no","no"
"2439","no","no"
"2442","no","no"
"2444","no","no"
"2446","no","no"
"2456","no","no"
"2457","no","no"
"2458","no","no"
"2463","no","no"
"2465","no","no"
"2468","no","no"
"2470","no","no"
"2471","no","no"
"2474","no","no"
"2476","no","no"
"2477","no","no"
"2481","no","no"
"2485","no","no"
"2486","no","no"
"2488","no","no"
"2489","no","no"
"2491","no","no"
"2494","no","no"
"2495","no","no"
"2500","no","no"
"2501","no","no"
"2502","no","no"
"2504","no","no"
"2508","no","no"
"2510","no","no"
"2515","no","no"
"2524","no","no"
"2527","no","no"
"2530","no","no"
"2531","no","no"
"2533","no","no"
"2534","no","no"
"2535","no","no"
"2536","no","no"
"2537","no","no"
"2539","no","no"
"2540","no","no"
"2542","no","no"
"2545","no","no"
"2546","no","no"
"2552","no","no"
"2556","no","no"
"2557","no","no"
"2560","no","no"
"2565","no","no"
"2566","no","no"
"2569","no","no"
"2572","no","no"
"2573","no","no"
"2578","no","no"
"2583","no","no"
"2584","no","no"
"2585","no","no"
"2589","no","no"
"2591","no","no"
"2594","no","no"
"2597","no","no"
"2598","no","no"
"2599","no","no"
"2600","no","no"
"2603","no","no"
"2608","no","no"
"2610","no","no"
"2611","no","no"
"2612","no","no"
"2613","no","no"
"2616","no","no"
"2620","no","no"
"2621","no","no"
"2623","no","no"
"2629","no","no"
"2632","no","no"
"2633","no","no"
"2638","no","no"
"2639","no","no"
"2641","no","no"
"2647","no","no"
"2649","no","no"
"2652","no","no"
"2655","no","no"
"2657","no","no"
"2658","no","no"
"2659","no","no"
"2660","no","no"
"2664","no","no"
"2665","no","no"
"2666","no","no"
"2669","no","no"
"2672","no","no"
"2674","no","no"
"2675","no","no"
"2676","no","no"
"2679","no","no"
"2680","no","no"
"2682","no","no"
"2692","no","no"
"2696","no","no"
"2703","no","no"
"2704","no","no"
"2708","no","no"
"2711","no","no"
"2712","no","no"
"2715","no","no"
"2717","no","no"
"2718","no","no"
"2725","no","no"
"2738","no","no"
"2739","no","no"
"2741","no","no"
"2749","no","no"
"2752","no","no"
"2754","no","no"
"2761","no","no"
"2763","no","no"
"2764","no","no"
"2767","no","no"
"2770","no","no"
"2771","no","no"
"2777","no","no"
"2780","no","no"
"2782","no","no"
"2785","no","no"
"2790","no","no"
"2791","no","no"
"2792","no","no"
"2794","no","no"
"2797","no","no"
"2804","no","no"
"2811","no","no"
"2814","no","no"
"2815","no","no"
"2817","no","no"
"2822","no","no"
"2829","no","no"
"2830","no","no"
"2832","no","no"
"2833","no","no"
"2835","no","no"
"2838","no","no"
"2839","no","no"
"2840","no","no"
"2844","no","no"
"2857","no","no"
"2859","no","no"
"2867","no","no"
"2869","no","no"
"2881","no","no"
"2886","no","no"
"2889","no","no"
"2892","no","no"
"2903","no","no"
"2908","no","no"
"2911","no","no"
"2915","no","no"
"2916","no","no"
"2918","no","no"
"2919","no","no"
"2925","no","no"
"2935","no","no"
"2937","no","no"
"2940","no","no"
"2942","no","no"
"2946","no","no"
"2953","no","no"
"2955","no","no"
"2957","no","no"
"2960","no","no"
"2961","no","no"
"2966","no","no"
"2968","no","no"
"2974","no","no"
"2976","no","no"
"2978","no","no"
"2982","no","no"
"2992","no","no"
"2993","no","no"
"3003","no","no"
"3006","no","no"
"3008","no","no"
"3011","no","no"
"3017","no","no"
"3018","no","no"
"3020","no","no"
"3023","no","no"
"3025","no","no"
"3027","no","no"
"3029","no","no"
"3033","no","no"
"3034","no","no"
"3035","no","no"
"3036","no","no"
"3040","no","no"
"3043","no","no"
"3047","no","no"
"3051","no","no"
"3055","no","no"
"3058","no","no"
"3060","no","no"
"3064","no","no"
"3065","no","no"
"3066","no","no"
"3067","no","no"
"3072","no","no"
"3073","no","no"
"3079","no","no"
"3083","no","no"
"3089","no","no"
"3090","no","no"
"3092","no","no"
"3094","no","no"
"3100","no","no"
"3103","no","no"
"3104","no","no"
"3106","no","no"
"3111","no","no"
"3116","no","no"
"3117","no","no"
"3118","no","no"
"3120","no","no"
"3121","no","no"
"3125","no","no"
"3127","no","no"
"3129","no","no"
"3133","no","no"
"3134","no","no"
"3144","no","no"
"3145","no","no"
"3148","no","no"
"3149","no","no"
"3151","no","no"
"3153","no","no"
"3157","no","no"
"3159","no","no"
"3160","no","no"
"3164","no","no"
"3171","no","no"
"3176","no","no"
"3178","no","no"
"3184","no","no"
"3185","no","no"
"3194","no","no"
"3196","no","no"
"3197","no","no"
"3198","no","no"
"3199","no","no"
"3202","no","no"
"3204","no","no"
"3214","no","no"
"3219","no","no"
"3220","no","no"
"3222","no","no"
"3225","no","no"
"3228","no","no"
"3231","no","no"
"3236","no","no"
"3238","no","no"
"3240","no","no"
"3244","no","no"
"3245","no","no"
"3246","no","no"
"3251","no","no"
"3253","no","no"
"3258","no","no"
"3260","no","no"
"3262","no","no"
"3263","no","no"
"3264","no","no"
"3265","no","no"
"3266","no","no"
"3272","no","no"
"3273","no","no"
"3276","no","no"
"3277","no","no"
"3278","no","no"
"3284","no","no"
"3291","no","no"
"3295","no","no"
"3296","no","no"
"3297","no","no"
"3305","no","no"
"3318","no","no"
"3319","no","no"
"3323","no","no"
"3325","no","no"
"3327","no","no"
"3328","no","no"
"3332","no","no"
"3334","no","no"
"3337","no","no"
"3340","no","no"
"3343","no","no"
"3350","no","no"
"3357","no","no"
"3358","no","no"
"3360","no","no"
"3369","no","no"
"3371","no","no"
"3375","no","no"
"3377","no","no"
"3378","no","no"
"3391","no","no"
"3394","no","no"
"3396","no","no"
"3407","no","no"
"3409","no","no"
"3411","no","no"
"3416","no","no"
"3419","no","no"
"3422","no","no"
"3423","no","no"
"3425","no","no"
"3426","no","no"
"3429","no","no"
"3437","no","no"
"3440","no","no"
"3450","no","no"
"3455","no","no"
"3456","no","no"
"3458","no","no"
"3459","no","no"
"3460","no","no"
"3461","no","no"
"3465","no","no"
"3468","no","no"
"3473","no","no"
"3483","no","no"
"3484","no","no"
"3490","no","no"
"3494","no","no"
"3495","no","no"
"3500","no","no"
"3511","no","no"
"3513","no","no"
"3516","no","no"
"3518","no","no"
"3519","no","no"
"3520","no","no"
"3521","no","no"
"3522","no","no"
"3524","no","no"
"3525","no","no"
"3528","no","no"
"3533","no","no"
"3538","no","no"
"3542","no","no"
"3543","no","no"
"3549","no","no"
"3556","no","no"
"3557","no","no"
"3558","no","no"
"3561","no","no"
"3562","no","no"
"3564","no","no"
"3565","no","no"
"3566","no","no"
"3567","no","no"
"3572","no","no"
"3573","no","no"
"3576","no","no"
"3578","no","no"
"3580","no","no"
"3586","no","no"
"3590","no","no"
"3595","no","no"
"3596","no","no"
"3600","no","no"
"3603","no","no"
"3609","no","no"
"3610","no","no"
"3612","no","no"
"3613","no","no"
"3615","no","no"
"3617","no","no"
"3618","no","no"
"3620","no","no"
"3621","no","no"
"3634","no","no"
"3637","no","no"
"3639","no","no"
"3640","no","no"
"3642","no","no"
"3644","no","no"
"3645","no","no"
"3646","no","no"
"3648","no","no"
"3649","no","no"
"3650","no","no"
"3652","no","no"
"3653","no","no"
"3658","no","no"
"3660","no","no"
"3661","no","no"
"3662","no","no"
"3665","no","no"
"3667","no","no"
"3674","no","no"
"3677","no","no"
"3678","no","no"
"3684","no","no"
"3687","no","no"
"3692","no","no"
"3694","no","no"
"3695","no","no"
"3697","no","no"
"3699","no","no"
"3701","no","no"
"3705","no","no"
"3706","no","no"
"3709","no","no"
"3713","no","no"
"3718","no","no"
"3721","no","no"
"3722","no","no"
"3723","no","no"
"3726","no","no"
"3731","no","no"
"3740","no","no"
"3743","no","no"
"3746","no","no"
"3754","no","no"
"3756","no","no"
"3762","no","no"
"3763","no","no"
"3764","no","no"
"3770","no","no"
"3771","no","no"
"3772","no","no"
"3774","no","no"
"3775","no","no"
"3779","no","no"
"3781","yes","no"
"3784","no","no"
"3788","no","no"
"3790","no","no"
"3796","no","no"
"3801","no","no"
"3808","no","no"
"3809","no","no"
"3813","no","no"
"3815","no","no"
"3820","no","no"
"3823","no","no"
"3826","no","no"
"3827","no","no"
"3830","no","no"
"3835","no","no"
"3841","no","no"
"3844","no","no"
"3845","no","no"
"3846","no","no"
"3850","no","no"
"3855","no","no"
"3857","no","no"
"3868","no","no"
"3869","no","no"
"3870","no","no"
"3873","no","no"
"3874","no","no"
"3876","no","no"
"3878","no","no"
"3882","no","no"
"3887","no","no"
"3893","no","no"
"3900","no","no"
"3902","no","no"
"3911","no","no"
"3919","no","no"
"3922","no","no"
"3924","no","no"
"3926","no","no"
"3927","no","no"
"3931","no","no"
"3932","no","no"
"3940","no","no"
"3944","no","no"
"3946","no","no"
"3947","no","no"
"3951","no","no"
"3963","no","no"
"3968","no","no"
"3969","no","no"
"3972","no","no"
"3980","no","no"
"3983","no","no"
"3984","no","no"
"3987","no","no"
"3988","no","no"
"3998","no","no"
"4003","no","no"
"4011","no","no"
"4013","no","no"
"4015","no","no"
"4016","no","no"
"4017","no","no"
"4022","no","no"
"4028","no","no"
"4029","no","no"
"4030","no","no"
"4031","no","no"
"4040","no","no"
"4042","no","no"
"4045","no","no"
"4051","no","no"
"4052","no","no"
"4056","no","no"
"4057","no","no"
"4060","no","no"
"4064","no","no"
"4071","no","no"
"4074","no","no"
"4077","no","no"
"4081","no","no"
"4087","no","no"
"4088","no","no"
"4092","no","no"
"4094","no","no"
"4097","no","no"
"4099","no","no"
"4101","no","no"
"4102","no","no"
"4106","no","no"
"4110","no","no"
"4111","no","no"
"4112","no","no"
"4116","no","no"
"4117","no","no"
"4124","no","no"
"4125","no","no"
"4132","no","no"
"4137","no","no"
"4138","no","no"
"4139","no","no"
"4143","no","no"
"4145","no","no"
"4148","no","no"
"4152","no","no"
"4159","no","no"
"4160","no","no"
"4163","no","no"
"4172","no","no"
"4174","no","no"
"4175","no","no"
"4180","no","no"
"4185","no","no"
"4186","no","no"
"4187","no","no"
"4189","no","no"
"4190","no","no"
"4194","no","no"
"4195","no","no"
"4197","no","no"
"4200","no","no"
"4203","no","no"
"4205","no","no"
"4208","no","no"
"4214","no","no"
"4215","no","no"
"4219","no","no"
"4220","no","no"
"4224","no","no"
"4226","no","no"
"4230","no","no"
"4233","no","no"
"4234","no","no"
"4237","no","no"
"4238","no","no"
"4239","no","no"
"4241","no","no"
"4243","no","no"
"4247","no","no"
"4251","no","no"
"4253","no","no"
"4255","no","no"
"4262","no","no"
"4263","no","no"
"4264","no","no"
"4267","no","no"
"4269","no","no"
"4272","no","no"
"4275","no","no"
"4277","no","no"
"4288","no","no"
"4290","no","no"
"4292","no","no"
"4293","no","no"
"4297","no","no"
"4298","no","no"
"4300","no","no"
"4303","no","no"
"4306","no","no"
"4308","no","no"
"4309","no","no"
"4310","no","no"
"4314","no","no"
"4321","no","no"
"4323","no","no"
"4324","no","no"
"4325","no","no"
"4327","no","no"
"4333","no","no"
"4339","no","no"
"4342","no","no"
"4343","no","no"
"4344","no","no"
"4347","no","no"
"4349","no","no"
"4351","no","no"
"4357","no","no"
"4359","no","no"
"4362","no","no"
"4366","no","no"
"4367","no","no"
"4369","no","no"
"4372","no","no"
"4375","no","no"
"4378","no","no"
"4380","no","no"
"4382","no","no"
"4386","no","no"
"4390","no","no"
"4392","no","no"
"4399","no","no"
"4402","no","no"
"4406","no","no"
"4417","no","no"
"4418","no","no"
"4420","no","no"
"4422","no","no"
"4424","no","no"
"4425","no","no"
"4426","no","no"
"4427","no","no"
"4430","no","no"
"4431","no","no"
"4432","no","no"
"4437","no","no"
"4440","no","no"
"4441","no","no"
"4444","no","no"
"4445","no","no"
"4451","no","no"
"4453","no","no"
"4458","no","no"
"4459","no","no"
"4466","no","no"
"4467","no","no"
"4468","no","no"
"4469","no","no"
"4470","no","no"
"4471","no","no"
"4472","no","no"
"4473","no","no"
"4478","no","no"
"4479","no","no"
"4484","no","no"
"4486","no","no"
"4487","no","no"
"4488","no","no"
"4492","no","no"
"4501","no","no"
"4502","no","no"
"4504","no","no"
"4505","no","no"
"4508","no","no"
"4509","no","no"
"4510","no","no"
"4513","no","no"
"4520","no","no"
"4523","no","no"
"4525","no","no"
"4527","no","no"
"4530","no","no"
"4532","no","no"
"4534","no","no"
"4536","no","no"
"4550","no","no"
"4551","no","no"
"4558","no","no"
"4564","no","no"
"4565","no","no"
"4571","no","no"
"4572","no","no"
"4573","no","no"
"4574","no","no"
"4577","no","no"
"4579","no","no"
"4580","no","no"
"4582","no","no"
"4587","no","no"
"4590","no","no"
"4592","no","no"
"4595","no","no"
"4599","no","no"
"4600","no","no"
"4601","no","no"
"4606","no","no"
"4614","no","no"
"4616","no","no"
"4620","no","no"
"4627","no","no"
"4631","no","no"
"4642","no","no"
"4643","no","no"
"4645","no","no"
"4646","no","no"
"4649","no","no"
"4650","no","no"
"4655","no","no"
"4659","no","no"
"4663","no","no"
"4674","no","no"
"4679","no","no"
"4681","no","no"
"4684","no","no"
"4685","no","no"
"4686","no","no"
"4688","no","no"
"4690","no","no"
"4691","no","no"
"4698","no","no"
"4700","no","no"
"4701","no","no"
"4704","no","no"
"4715","no","no"
"4721","no","no"
"4722","no","no"
"4724","no","no"
"4730","no","no"
"4734","no","no"
"4738","no","no"
"4742","no","no"
"4744","no","no"
"4746","no","no"
"4749","no","no"
"4754","no","no"
"4762","no","no"
"4763","no","no"
"4766","no","no"
"4768","no","no"
"4771","no","no"
"4774","no","no"
"4782","no","no"
"4783","no","no"
"4793","no","no"
"4796","no","no"
"4800","no","no"
"4803","no","no"
"4810","no","no"
"4813","no","no"
"4814","no","no"
"4815","no","no"
"4821","no","no"
"4828","no","no"
"4831","no","no"
"4834","no","no"
"4842","no","no"
"4844","no","no"
"4846","no","no"
"4851","no","no"
"4855","no","no"
"4856","no","no"
"4859","no","no"
"4863","no","no"
"4869","no","no"
"4876","no","no"
"4878","no","no"
"4881","no","no"
"4882","no","no"
"4884","no","no"
"4888","no","no"
"4891","no","no"
"4895","no","no"
"4896","no","no"
"4904","no","no"
"4905","no","no"
"4907","no","no"
"4909","no","no"
"4911","no","no"
"4912","no","no"
"4920","no","no"
"4921","no","no"
"4934","no","no"
"4935","no","no"
"4937","no","no"
"4938","no","no"
"4939","no","no"
"4942","no","no"
"4944","no","no"
"4947","no","no"
"4951","no","no"
"4952","no","no"
"4958","no","no"
"4959","no","no"
"4961","no","no"
"4963","no","no"
"4966","no","no"
"4976","no","no"
"4978","no","no"
"4982","no","no"
"4985","no","no"
"4989","no","no"
"4997","no","no"
"4999","no","no"
"5001","no","no"
"5003","no","no"
"5006","no","no"
"5009","no","no"
"5017","no","no"
"5024","no","no"
"5026","no","no"
"5027","no","no"
"5032","no","no"
"5037","no","no"
"5040","no","no"
"5046","no","no"
"5047","no","no"
"5048","no","no"
"5049","no","no"
"5052","no","no"
"5055","no","no"
"5059","no","no"
"5061","no","no"
"5062","no","no"
"5065","no","no"
"5066","no","no"
"5068","no","no"
"5071","no","no"
"5075","no","no"
"5077","no","no"
"5078","no","no"
"5079","no","no"
"5085","no","no"
"5086","no","no"
"5089","no","no"
"5091","no","no"
"5092","no","no"
"5093","no","no"
"5100","no","no"
"5101","no","no"
"5109","no","no"
"5111","no","no"
"5114","no","no"
"5115","no","no"
"5116","no","no"
"5118","no","no"
"5123","no","no"
"5125","no","no"
"5126","no","no"
"5130","no","no"
"5135","no","no"
"5138","no","no"
"5147","no","no"
"5150","no","no"
"5151","no","no"
"5155","no","no"
"5156","no","no"
"5158","no","no"
"5160","no","no"
"5163","no","no"
"5164","no","no"
"5172","no","no"
"5175","no","no"
"5176","no","no"
"5182","no","no"
"5187","no","no"
"5193","no","no"
"5194","no","no"
"5196","no","no"
"5200","no","no"
"5206","no","no"
"5207","no","no"
"5208","no","no"
"5211","no","no"
"5213","no","no"
"5218","no","no"
"5220","no","no"
"5221","no","no"
"5223","no","no"
"5228","no","no"
"5242","no","no"
"5243","no","no"
"5244","no","no"
"5246","no","no"
"5247","no","no"
"5248","no","no"
"5253","no","no"
"5255","no","no"
"5257","no","no"
"5261","no","no"
"5266","no","no"
"5270","no","no"
"5272","no","no"
"5280","no","no"
"5282","no","no"
"5284","no","no"
"5288","no","no"
"5289","no","no"
"5296","no","no"
"5297","no","no"
"5299","no","no"
"5301","no","no"
"5306","no","no"
"5308","no","no"
"5310","no","no"
"5318","no","no"
"5319","no","no"
"5320","no","no"
"5321","no","no"
"5326","no","no"
"5331","no","no"
"5335","no","no"
"5340","no","no"
"5349","no","no"
"5352","no","no"
"5355","no","no"
"5356","no","no"
"5358","no","no"
"5359","no","no"
"5361","no","no"
"5364","no","no"
"5365","no","no"
"5366","no","no"
"5368","no","no"
"5370","no","no"
"5373","no","no"
"5378","no","no"
"5383","no","no"
"5386","no","no"
"5389","no","no"
"5390","no","no"
"5396","no","no"
"5398","no","no"
"5407","no","no"
"5409","no","no"
"5414","no","no"
"5417","no","no"
"5422","no","no"
"5426","no","no"
"5433","no","no"
"5440","no","no"
"5441","no","no"
"5451","no","no"
"5452","no","no"
"5460","no","no"
"5464","no","no"
"5465","no","no"
"5469","no","no"
"5471","no","no"
"5475","no","no"
"5477","no","no"
"5478","no","no"
"5481","no","no"
"5495","no","no"
"5496","no","no"
"5502","no","no"
"5514","no","no"
"5515","no","no"
"5517","no","no"
"5518","no","no"
"5519","no","no"
"5520","no","no"
"5523","no","no"
"5524","no","no"
"5528","no","no"
"5533","no","no"
"5534","no","no"
"5541","no","no"
"5542","no","no"
"5543","no","no"
"5545","no","no"
"5547","no","no"
"5551","no","no"
"5553","no","no"
"5555","no","no"
"5559","no","no"
"5568","no","no"
"5569","no","no"
"5577","no","no"
"5578","no","no"
"5581","no","no"
"5590","no","no"
"5602","no","no"
"5604","no","no"
"5608","no","no"
"5610","no","no"
"5611","no","no"
"5612","no","no"
"5617","no","no"
"5618","no","no"
"5620","no","no"
"5628","no","no"
"5630","no","no"
"5633","no","no"
"5634","no","no"
"5637","no","no"
"5640","no","no"
"5647","no","no"
"5651","no","no"
"5659","no","no"
"5665","no","no"
"5666","no","no"
"5670","no","no"
"5672","no","no"
"5676","no","no"
"5679","no","no"
"5681","no","no"
"5685","no","no"
"5688","no","no"
"5690","no","no"
"5693","no","no"
"5694","no","no"
"5696","no","no"
"5697","no","no"
"5703","no","no"
"5706","no","no"
"5707","no","no"
"5708","no","no"
"5712","no","no"
"5714","no","no"
"5716","no","no"
"5718","no","no"
"5722","no","no"
"5726","no","no"
"5727","no","no"
"5735","no","no"
"5736","no","no"
"5737","no","no"
"5742","no","no"
"5743","no","no"
"5747","no","no"
"5767","no","no"
"5769","no","no"
"5772","no","no"
"5774","no","no"
"5782","no","no"
"5783","no","no"
"5786","no","no"
"5790","no","no"
"5796","no","no"
"5798","no","no"
"5799","no","no"
"5803","no","no"
"5804","no","no"
"5808","no","no"
"5815","no","no"
"5816","no","no"
"5817","no","no"
"5818","no","no"
"5821","no","no"
"5823","no","no"
"5832","no","no"
"5833","no","no"
"5834","no","no"
"5836","no","no"
"5839","no","no"
"5840","no","no"
"5841","no","no"
"5844","no","no"
"5847","no","no"
"5853","no","no"
"5855","no","no"
"5856","no","no"
"5857","no","no"
"5859","no","no"
"5861","no","no"
"5868","no","no"
"5871","no","no"
"5874","no","no"
"5876","no","no"
"5884","no","no"
"5886","no","no"
"5891","no","no"
"5893","no","no"
"5894","no","no"
"5902","no","no"
"5904","no","no"
"5905","no","no"
"5909","no","no"
"5917","no","no"
"5919","no","no"
"5922","no","no"
"5925","no","no"
"5928","no","no"
"5929","no","no"
"5930","no","no"
"5931","no","no"
"5935","no","no"
"5936","no","no"
"5940","no","no"
"5944","no","no"
"5949","no","no"
"5951","no","no"
"5952","no","no"
"5955","no","no"
"5959","no","no"
"5960","no","no"
"5962","no","no"
"5964","no","no"
"5966","no","no"
"5982","no","no"
"5987","no","no"
"6003","no","no"
"6005","no","no"
"6006","no","no"
"6007","no","no"
"6008","no","no"
"6011","no","no"
"6023","no","no"
"6025","no","no"
"6030","no","no"
"6031","no","no"
"6032","no","no"
"6033","no","no"
"6034","no","no"
"6038","no","no"
"6041","no","no"
"6044","no","no"
"6047","no","no"
"6053","no","no"
"6057","no","no"
"6058","no","no"
"6060","no","no"
"6064","no","no"
"6070","no","no"
"6072","no","no"
"6077","no","no"
"6078","no","no"
"6080","no","no"
"6082","no","no"
"6088","no","no"
"6089","no","no"
"6092","no","no"
"6098","no","no"
"6103","no","no"
"6109","no","no"
"6111","no","no"
"6112","no","no"
"6116","no","no"
"6124","no","no"
"6125","no","no"
"6126","no","no"
"6132","no","no"
"6134","no","no"
"6135","no","no"
"6136","no","no"
"6141","no","no"
"6143","no","no"
"6145","no","no"
"6148","no","no"
"6149","no","no"
"6150","no","no"
"6153","no","no"
"6155","no","no"
"6160","no","no"
"6162","no","no"
"6164","no","no"
"6166","no","no"
"6168","no","no"
"6171","no","no"
"6178","no","no"
"6183","no","no"
"6186","no","no"
"6187","no","no"
"6192","no","no"
"6199","no","no"
"6204","no","no"
"6215","no","no"
"6217","no","no"
"6219","no","no"
"6224","no","no"
"6226","no","no"
"6228","no","no"
"6231","no","no"
"6232","no","no"
"6233","no","no"
"6235","no","no"
"6237","no","no"
"6238","no","no"
"6241","no","no"
"6244","no","no"
"6250","no","no"
"6256","no","no"
"6261","no","no"
"6262","no","no"
"6264","yes","no"
"6265","no","no"
"6269","no","no"
"6274","no","no"
"6278","no","no"
"6282","no","no"
"6286","no","no"
"6289","no","no"
"6290","no","no"
"6292","no","no"
"6293","no","no"
"6301","no","no"
"6302","no","no"
"6303","no","no"
"6311","no","no"
"6315","no","no"
"6322","no","no"
"6329","no","no"
"6340","no","no"
"6347","no","no"
"6348","no","no"
"6350","no","no"
"6353","no","no"
"6356","no","no"
"6358","no","no"
"6368","no","no"
"6370","no","no"
"6381","no","no"
"6382","no","no"
"6384","no","no"
"6392","no","no"
"6393","no","no"
"6396","no","no"
"6397","no","no"
"6398","no","no"
"6402","no","no"
"6403","no","no"
"6404","no","no"
"6411","no","no"
"6413","no","no"
"6416","no","no"
"6418","no","no"
"6423","no","no"
"6424","no","no"
"6425","no","no"
"6428","no","no"
"6431","no","no"
"6433","no","no"
"6436","no","no"
"6437","no","no"
"6442","no","no"
"6444","no","no"
"6447","no","no"
"6449","yes","no"
"6450","no","no"
"6452","no","no"
"6456","no","no"
"6459","no","no"
"6461","no","no"
"6463","no","no"
"6466","no","no"
"6467","yes","no"
"6470","no","no"
"6473","no","no"
"6474","no","no"
"6477","no","no"
"6480","no","no"
"6482","no","no"
"6487","no","no"
"6488","no","no"
"6491","no","no"
"6492","no","no"
"6493","no","no"
"6500","no","no"
"6506","no","no"
"6509","no","no"
"6510","no","no"
"6511","no","no"
"6512","no","no"
"6513","no","no"
"6518","no","no"
"6519","no","no"
"6522","no","no"
"6524","no","no"
"6533","no","no"
"6536","no","no"
"6544","no","no"
"6550","no","no"
"6551","no","no"
"6552","no","no"
"6554","no","no"
"6556","no","no"
"6558","no","no"
"6559","no","no"
"6561","no","no"
"6564","no","no"
"6567","no","no"
"6570","no","no"
"6573","no","no"
"6581","no","no"
"6582","no","no"
"6583","no","no"
"6584","no","no"
"6585","no","no"
"6587","no","no"
"6600","no","no"
"6604","no","no"
"6606","no","no"
"6607","no","no"
"6612","no","no"
"6613","no","no"
"6615","no","no"
"6617","no","no"
"6618","no","no"
"6624","no","no"
"6626","no","no"
"6627","no","no"
"6628","no","no"
"6630","no","no"
"6633","no","no"
"6635","no","no"
"6638","no","no"
"6643","no","no"
"6645","no","no"
"6646","no","no"
"6649","no","no"
"6652","no","no"
"6655","no","no"
"6656","no","no"
"6662","no","no"
"6666","no","no"
"6668","no","no"
"6669","no","no"
"6671","no","no"
"6675","no","no"
"6678","no","no"
"6680","no","no"
"6681","no","no"
"6684","no","no"
"6686","no","no"
"6688","no","no"
"6694","no","no"
"6696","no","no"
"6703","no","no"
"6705","no","no"
"6707","no","no"
"6708","no","no"
"6714","no","no"
"6715","no","no"
"6716","no","no"
"6723","no","no"
"6724","no","no"
"6734","no","no"
"6735","no","no"
"6738","no","no"
"6743","no","no"
"6745","no","no"
"6746","no","no"
"6747","no","no"
"6749","no","no"
"6757","no","no"
"6761","no","no"
"6771","no","no"
"6781","no","no"
"6782","no","no"
"6783","no","no"
"6787","no","no"
"6789","no","no"
"6791","no","no"
"6792","no","no"
"6794","no","no"
"6797","no","no"
"6800","no","no"
"6803","no","no"
"6807","no","no"
"6813","no","no"
"6817","no","no"
"6820","no","no"
"6834","no","no"
"6836","no","no"
"6847","no","no"
"6849","no","no"
"6850","no","no"
"6851","no","no"
"6854","no","no"
"6856","no","no"
"6861","no","no"
"6862","no","no"
"6867","no","no"
"6879","no","no"
"6880","no","no"
"6882","no","no"
"6883","no","no"
"6884","no","no"
"6885","no","no"
"6886","no","no"
"6888","no","no"
"6890","no","no"
"6891","no","no"
"6897","no","no"
"6903","no","no"
"6904","no","no"
"6907","no","no"
"6913","no","no"
"6916","no","no"
"6917","no","no"
"6918","no","no"
"6919","no","no"
"6921","no","no"
"6926","no","no"
"6929","no","no"
"6930","no","no"
"6931","no","no"
"6935","no","no"
"6940","no","no"
"6941","no","no"
"6942","no","no"
"6943","no","no"
"6945","no","no"
"6947","no","no"
"6948","no","no"
"6951","no","no"
"6954","no","no"
"6956","no","no"
"6961","no","no"
"6963","no","no"
"6964","no","no"
"6969","no","no"
"6971","no","no"
"6974","no","no"
"6978","no","no"
"6979","no","no"
"6985","no","no"
"6986","no","no"
"6994","no","no"
"6996","no","no"
"6999","no","no"
"7010","no","no"
"7012","no","no"
"7023","no","no"
"7026","no","no"
"7031","no","no"
"7036","no","no"
"7038","no","no"
"7040","no","no"
"7045","no","no"
"7053","no","no"
"7055","no","no"
"7058","no","no"
"7059","no","no"
"7060","no","no"
"7068","no","no"
"7070","no","no"
"7071","no","no"
"7072","no","no"
"7073","no","no"
"7076","no","no"
"7080","no","no"
"7081","no","no"
"7082","no","no"
"7085","no","no"
"7094","no","no"
"7095","no","no"
"7097","no","no"
"7107","no","no"
"7108","no","no"
"7113","no","no"
"7115","no","no"
"7116","no","no"
"7118","no","no"
"7126","no","no"
"7130","no","no"
"7134","no","no"
"7138","no","no"
"7139","no","no"
"7140","no","no"
"7142","no","no"
"7144","no","no"
"7145","no","no"
"7147","no","no"
"7153","no","no"
"7154","no","no"
"7155","no","no"
"7156","no","no"
"7159","no","no"
"7162","no","no"
"7163","no","no"
"7168","no","no"
"7170","no","no"
"7173","no","no"
"7177","no","no"
"7179","no","no"
"7181","no","no"
"7182","no","no"
"7183","no","no"
"7184","no","no"
"7185","no","no"
"7189","no","no"
"7190","no","no"
"7192","no","no"
"7195","no","no"
"7197","no","no"
"7201","no","no"
"7204","no","no"
"7207","no","no"
"7217","no","no"
"7218","no","no"
"7224","no","no"
"7225","no","no"
"7226","no","no"
"7229","no","no"
"7234","no","no"
"7235","no","no"
"7236","no","no"
"7239","no","no"
"7243","no","no"
"7249","no","no"
"7250","no","no"
"7257","no","no"
"7265","no","no"
"7267","no","no"
"7268","no","no"
"7271","no","no"
"7274","no","no"
"7277","no","no"
"7282","no","no"
"7284","no","no"
"7285","no","no"
"7291","no","no"
"7292","no","no"
"7293","no","no"
"7304","no","no"
"7314","no","no"
"7317","no","no"
"7318","no","no"
"7320","no","no"
"7325","no","no"
"7329","no","no"
"7330","no","no"
"7333","no","no"
"7340","no","no"
"7342","no","no"
"7345","no","no"
"7348","no","no"
"7350","no","no"
"7355","no","no"
"7361","no","no"
"7363","no","no"
"7366","no","no"
"7372","no","no"
"7373","no","no"
"7375","no","no"
"7376","no","no"
"7378","no","no"
"7379","no","no"
"7380","no","no"
"7384","no","no"
"7396","no","no"
"7397","no","no"
"7402","no","no"
"7403","no","no"
"7408","no","no"
"7409","no","no"
"7411","no","no"
"7417","no","no"
"7420","no","no"
"7423","no","no"
"7425","no","no"
"7429","no","no"
"7430","no","no"
"7431","no","no"
"7438","no","no"
"7440","no","no"
"7442","no","no"
"7448","no","no"
"7450","no","no"
"7454","no","no"
"7455","no","no"
"7459","no","no"
"7462","no","no"
"7472","no","no"
"7486","no","no"
"7488","no","no"
"7492","no","no"
"7497","no","no"
"7498","no","no"
"7501","no","no"
"7502","no","no"
"7506","no","no"
"7508","no","no"
"7510","no","no"
"7511","no","no"
"7518","no","no"
"7519","no","no"
"7520","no","no"
"7521","no","no"
"7528","no","no"
"7530","no","no"
"7532","no","no"
"7535","no","no"
"7536","no","no"
"7538","no","no"
"7541","no","no"
"7542","no","no"
"7544","no","no"
"7546","no","no"
"7548","no","no"
"7550","no","no"
"7554","no","no"
"7561","no","no"
"7564","no","no"
"7568","no","no"
"7569","no","no"
"7570","no","no"
"7574","no","no"
"7575","no","no"
"7579","no","no"
"7580","no","no"
"7583","no","no"
"7590","no","no"
"7592","no","no"
"7593","no","no"
"7599","no","no"
"7607","no","no"
"7608","no","no"
"7609","no","no"
"7610","no","no"
"7611","no","no"
"7612","no","no"
"7613","no","no"
"7620","no","no"
"7624","no","no"
"7626","no","no"
"7628","no","no"
"7632","no","no"
"7635","no","no"
"7638","no","no"
"7642","no","no"
"7650","no","no"
"7651","no","no"
"7657","no","no"
"7659","no","no"
"7662","no","no"
"7669","no","no"
"7679","no","no"
"7680","no","no"
"7681","no","no"
"7689","no","no"
"7690","no","no"
"7691","no","no"
"7692","no","no"
"7697","no","no"
"7698","no","no"
"7699","no","no"
"7704","no","no"
"7706","no","no"
"7707","no","no"
"7708","no","no"
"7709","no","no"
"7712","no","no"
"7713","no","no"
"7714","no","no"
"7717","no","no"
"7724","no","no"
"7730","no","no"
"7738","no","no"
"7739","no","no"
"7744","no","no"
"7751","no","no"
"7754","no","no"
"7762","no","no"
"7765","no","no"
"7767","no","no"
"7768","no","no"
"7769","no","no"
"7772","no","no"
"7773","no","no"
"7776","no","no"
"7783","no","no"
"7788","no","no"
"7790","no","no"
"7792","no","no"
"7796","no","no"
"7797","no","no"
"7798","no","no"
"7800","no","no"
"7805","no","no"
"7809","no","no"
"7823","no","no"
"7826","no","no"
"7830","no","no"
"7831","no","no"
"7832","no","no"
"7835","no","no"
"7840","no","no"
"7843","no","no"
"7845","no","no"
"7847","no","no"
"7853","no","no"
"7857","no","no"
"7863","no","no"
"7870","no","no"
"7871","no","no"
"7874","no","no"
"7880","no","no"
"7883","no","no"
"7885","no","no"
"7889","no","no"
"7890","no","no"
"7893","no","no"
"7896","no","no"
"7902","no","no"
"7904","no","no"
"7905","no","no"
"7909","no","no"
"7916","no","no"
"7922","no","no"
"7925","no","no"
"7926","no","no"
"7927","no","no"
"7934","no","no"
"7936","no","no"
"7937","no","no"
"7938","no","no"
"7941","no","no"
"7942","no","no"
"7945","no","no"
"7949","no","no"
"7950","no","no"
"7956","no","no"
"7960","no","no"
"7964","no","no"
"7971","no","no"
"7972","no","no"
"7974","no","no"
"7975","no","no"
"7991","no","no"
"8002","no","no"
"8008","no","no"
"8009","no","no"
"8010","no","no"
"8011","no","no"
"8013","no","no"
"8017","no","no"
"8027","no","no"
"8030","no","no"
"8037","no","no"
"8039","no","no"
"8053","no","no"
"8055","no","no"
"8056","no","no"
"8079","no","no"
"8080","no","no"
"8085","no","no"
"8090","no","no"
"8102","no","no"
"8104","no","no"
"8106","no","no"
"8107","no","no"
"8109","no","no"
"8110","no","no"
"8114","no","no"
"8122","no","no"
"8124","no","no"
"8125","no","no"
"8126","no","no"
"8130","no","no"
"8133","no","no"
"8134","no","no"
"8137","no","no"
"8138","no","no"
"8141","no","no"
"8142","no","no"
"8146","no","no"
"8160","no","no"
"8161","no","no"
"8163","no","no"
"8170","no","no"
"8172","no","no"
"8174","no","no"
"8176","no","no"
"8178","no","no"
"8184","no","no"
"8185","no","no"
"8190","no","no"
"8194","no","no"
"8195","no","no"
"8197","no","no"
"8200","no","no"
"8202","no","no"
"8207","no","no"
"8209","no","no"
"8211","no","no"
"8216","no","no"
"8227","no","no"
"8231","no","no"
"8239","no","no"
"8240","no","no"
"8241","no","no"
"8242","no","no"
"8252","no","no"
"8257","no","no"
"8258","no","no"
"8260","no","no"
"8262","no","no"
"8263","no","no"
"8265","no","no"
"8266","no","no"
"8268","no","no"
"8272","no","no"
"8275","no","no"
"8282","no","no"
"8283","no","no"
"8285","no","no"
"8286","no","no"
"8289","no","no"
"8290","no","no"
"8292","no","no"
"8295","no","no"
"8300","no","no"
"8304","no","no"
"8307","no","no"
"8316","no","no"
"8317","no","no"
"8318","no","no"
"8319","no","no"
"8323","no","no"
"8327","no","no"
"8329","no","no"
"8335","no","no"
"8337","no","no"
"8341","no","no"
"8342","no","no"
"8349","no","no"
"8353","no","no"
"8357","no","no"
"8359","no","no"
"8361","no","no"
"8363","no","no"
"8365","no","no"
"8367","no","no"
"8370","no","no"
"8371","no","no"
"8374","no","no"
"8375","no","no"
"8376","no","no"
"8386","no","no"
"8387","no","no"
"8388","no","no"
"8389","no","no"
"8390","no","no"
"8391","no","no"
"8392","no","no"
"8396","no","no"
"8398","no","no"
"8402","no","no"
"8404","no","no"
"8407","no","no"
"8414","no","no"
"8421","no","no"
"8427","no","no"
"8428","no","no"
"8431","no","no"
"8432","no","no"
"8437","no","no"
"8443","no","no"
"8444","no","no"
"8449","no","no"
"8457","no","no"
"8459","no","no"
"8464","no","no"
"8472","no","no"
"8478","no","no"
"8479","no","no"
"8483","no","no"
"8484","no","no"
"8490","no","no"
"8496","no","no"
"8503","no","no"
"8504","no","no"
"8508","no","no"
"8509","no","no"
"8511","no","no"
"8515","no","no"
"8519","no","no"
"8523","yes","no"
"8533","no","no"
"8534","no","no"
"8536","no","no"
"8537","no","no"
"8541","no","no"
"8544","no","no"
"8548","no","no"
"8557","no","no"
"8568","no","no"
"8571","no","no"
"8574","no","no"
"8575","no","no"
"8578","no","no"
"8581","no","no"
"8582","no","no"
"8583","no","no"
"8587","no","no"
"8588","no","no"
"8589","no","no"
"8597","no","no"
"8607","no","no"
"8616","no","no"
"8619","no","no"
"8620","no","no"
"8622","no","no"
"8629","no","no"
"8631","no","no"
"8642","no","no"
"8644","no","no"
"8647","no","no"
"8650","no","no"
"8651","no","no"
"8652","no","no"
"8653","no","no"
"8657","no","no"
"8658","no","no"
"8665","no","no"
"8666","no","no"
"8669","no","no"
"8675","no","no"
"8676","no","no"
"8682","no","no"
"8683","no","no"
"8688","no","no"
"8690","no","no"
"8691","no","no"
"8694","no","no"
"8695","no","no"
"8696","no","no"
"8699","no","no"
"8700","no","no"
"8702","no","no"
"8703","no","no"
"8704","no","no"
"8715","no","no"
"8717","no","no"
"8722","no","no"
"8723","no","no"
"8725","no","no"
"8732","no","no"
"8735","no","no"
"8738","no","no"
"8745","no","no"
"8748","no","no"
"8749","no","no"
"8750","no","no"
"8755","no","no"
"8760","no","no"
"8761","no","no"
"8768","no","no"
"8769","no","no"
"8774","no","no"
"8775","no","no"
"8776","no","no"
"8785","no","no"
"8792","no","no"
"8793","no","no"
"8798","no","no"
"8805","no","no"
"8813","no","no"
"8814","no","no"
"8820","no","no"
"8821","no","no"
"8837","no","no"
"8841","no","no"
"8844","no","no"
"8847","no","no"
"8850","no","no"
"8855","no","no"
"8857","no","no"
"8858","no","no"
"8860","no","no"
"8865","no","no"
"8873","no","no"
"8874","no","no"
"8875","no","no"
"8876","no","no"
"8878","no","no"
"8879","no","no"
"8882","no","no"
"8885","no","no"
"8886","no","no"
"8889","no","no"
"8893","no","no"
"8894","no","no"
"8898","no","no"
"8899","no","no"
"8900","no","no"
"8911","no","no"
"8914","no","no"
"8916","no","no"
"8919","no","no"
"8920","no","no"
"8928","no","no"
"8933","no","no"
"8939","no","no"
"8941","no","no"
"8944","no","no"
"8945","no","no"
"8953","no","no"
"8956","no","no"
"8960","no","no"
"8961","no","no"
"8963","no","no"
"8965","no","no"
"8971","no","no"
"8972","no","no"
"8975","no","no"
"8985","no","no"
"8986","no","no"
"8988","no","no"
"8989","no","no"
"8990","no","no"
"8994","no","no"
"9000","no","no"
"9001","no","no"
"9002","no","no"
"9003","no","no"
"9004","no","no"
"9018","no","no"
"9023","no","no"
"9031","no","no"
"9033","no","no"
"9034","no","no"
"9038","no","no"
"9045","no","no"
"9054","no","no"
"9058","no","no"
"9061","no","no"
"9063","no","no"
"9064","no","no"
"9068","no","no"
"9075","no","no"
"9076","no","no"
"9077","no","no"
"9078","no","no"
"9081","no","no"
"9100","no","no"
"9103","no","no"
"9104","no","no"
"9105","no","no"
"9106","no","no"
"9117","no","no"
"9118","no","no"
"9119","no","no"
"9121","no","no"
"9124","no","no"
"9125","no","no"
"9131","no","no"
"9145","no","no"
"9150","no","no"
"9153","no","no"
"9163","no","no"
"9165","no","no"
"9167","no","no"
"9169","no","no"
"9170","no","no"
"9172","no","no"
"9177","no","no"
"9178","no","no"
"9179","no","no"
"9182","no","no"
"9201","no","no"
"9206","no","no"
"9211","no","no"
"9213","no","no"
"9215","no","no"
"9217","no","no"
"9226","no","no"
"9227","no","no"
"9228","no","no"
"9229","no","no"
"9230","no","no"
"9231","no","no"
"9233","no","no"
"9235","no","no"
"9239","no","no"
"9242","no","no"
"9243","no","no"
"9246","no","no"
"9247","no","no"
"9252","no","no"
"9260","no","no"
"9263","no","no"
"9269","no","no"
"9274","no","no"
"9276","no","no"
"9281","no","no"
"9282","no","no"
"9283","no","no"
"9284","no","no"
"9289","no","no"
"9290","no","no"
"9292","no","no"
"9301","no","no"
"9306","no","no"
"9314","no","no"
"9315","no","no"
"9316","no","no"
"9325","no","no"
"9328","no","no"
"9329","no","no"
"9330","no","no"
"9338","no","no"
"9343","no","no"
"9347","no","no"
"9355","no","no"
"9356","no","no"
"9358","no","no"
"9362","no","no"
"9369","no","no"
"9371","no","no"
"9374","no","no"
"9375","no","no"
"9379","no","no"
"9381","no","no"
"9382","no","no"
"9385","no","no"
"9397","no","no"
"9398","no","no"
"9401","no","no"
"9403","no","no"
"9405","no","no"
"9406","no","no"
"9409","no","no"
"9416","no","no"
"9421","no","no"
"9427","no","no"
"9431","no","no"
"9434","no","no"
"9439","no","no"
"9444","no","no"
"9452","no","no"
"9453","no","no"
"9454","no","no"
"9464","no","no"
"9465","no","no"
"9467","no","no"
"9470","no","no"
"9472","no","no"
"9476","no","no"
"9481","no","no"
"9483","no","no"
"9485","no","no"
"9486","no","no"
"9487","no","no"
"9493","no","no"
"9496","no","no"
"9499","no","no"
"9502","no","no"
"9506","no","no"
"9510","no","no"
"9514","no","no"
"9516","no","no"
"9517","no","no"
"9518","no","no"
"9520","no","no"
"9524","no","no"
"9527","no","no"
"9541","no","no"
"9544","no","no"
"9550","no","no"
"9554","no","no"
"9558","no","no"
"9564","no","no"
"9567","no","no"
"9573","no","no"
"9577","no","no"
"9582","no","no"
"9596","no","no"
"9609","no","no"
"9615","no","no"
"9617","no","no"
"9619","no","no"
"9620","no","no"
"9621","no","no"
"9624","no","no"
"9625","no","no"
"9628","no","no"
"9642","no","no"
"9643","no","no"
"9647","no","no"
"9649","no","no"
"9650","no","no"
"9654","no","no"
"9662","no","no"
"9664","no","no"
"9665","no","no"
"9670","no","no"
"9671","no","no"
"9678","no","no"
"9684","no","no"
"9685","no","no"
"9688","no","no"
"9689","no","no"
"9696","no","no"
"9700","no","no"
"9709","no","no"
"9713","no","no"
"9715","no","no"
"9718","no","no"
"9721","no","no"
"9722","no","no"
"9725","no","no"
"9726","no","no"
"9734","no","no"
"9735","no","no"
"9736","no","no"
"9743","no","no"
"9745","no","no"
"9747","no","no"
"9749","no","no"
"9754","no","no"
"9755","no","no"
"9758","no","no"
"9760","no","no"
"9761","no","no"
"9763","no","no"
"9765","no","no"
"9768","no","no"
"9769","no","no"
"9770","no","no"
"9773","no","no"
"9777","no","no"
"9779","no","no"
"9787","no","no"
"9791","no","no"
"9793","no","no"
"9794","no","no"
"9802","no","no"
"9804","no","no"
"9807","no","no"
"9810","no","no"
"9811","no","no"
"9813","no","no"
"9814","no","no"
"9816","no","no"
"9818","no","no"
"9824","no","no"
"9828","no","no"
"9831","no","no"
"9832","no","no"
"9834","no","no"
"9837","no","no"
"9839","no","no"
"9842","no","no"
"9855","no","no"
"9877","no","no"
"9886","no","no"
"9892","no","no"
"9898","no","no"
"9901","no","no"
"9904","no","no"
"9909","no","no"
"9913","no","no"
"9914","no","no"
"9921","no","no"
"9922","no","no"
"9923","no","no"
"9932","no","no"
"9934","no","no"
"9939","no","no"
"9946","no","no"
"9949","no","no"
"9951","no","no"
"9952","no","no"
"9953","no","no"
"9957","no","no"
"9959","no","no"
"9960","no","no"
"9962","no","no"
"9963","no","no"
"9969","no","no"
"9972","no","no"
"9985","no","no"
"9987","no","no"
"10001","no","no"
"10003","no","no"
"10007","no","no"
"10019","no","no"
"10022","no","no"
"10035","no","no"
"10036","no","no"
"10038","no","no"
"10041","no","no"
"10046","no","no"
"10053","no","no"
"10054","no","no"
"10056","no","no"
"10059","no","no"
"10064","no","no"
"10065","no","no"
"10066","no","no"
"10069","no","no"
"10071","no","no"
"10072","no","no"
"10073","no","no"
"10074","no","no"
"10082","no","no"
"10083","no","no"
"10087","no","no"
"10092","no","no"
"10093","no","no"
"10096","no","no"
"10098","no","no"
"10099","yes","no"
"10100","no","no"
"10101","no","no"
"10103","no","no"
"10104","no","no"
"10105","no","no"
"10108","no","no"
"10109","no","no"
"10113","no","no"
"10115","no","no"
"10116","no","no"
"10119","no","no"
"10120","no","no"
"10126","no","no"
"10128","no","no"
"10130","no","no"
"10131","no","no"
"10133","no","no"
"10134","no","no"
"10136","no","no"
"10137","no","no"
"10140","no","no"
"10147","no","no"
"10152","no","no"
"10156","no","no"
"10164","no","no"
"10165","no","no"
"10171","no","no"
"10176","no","no"
"10177","no","no"
"10181","no","no"
"10191","no","no"
"10192","no","no"
"10194","no","no"
"10195","no","no"
"10197","no","no"
"10198","no","no"
"10203","no","no"
"10206","no","no"
"10207","no","no"
"10209","no","no"
"10212","no","no"
"10217","no","no"
"10224","no","no"
"10233","no","no"
"10234","no","no"
"10236","no","no"
"10238","no","no"
"10240","no","no"
"10253","no","no"
"10259","no","no"
"10260","no","no"
"10264","no","no"
"10266","no","no"
"10267","no","no"
"10274","no","no"
"10281","no","no"
"10283","no","no"
"10284","no","no"
"10285","no","no"
"10289","no","no"
"10291","no","no"
"10292","no","no"
"10295","no","no"
"10299","no","no"
"10300","no","no"
"10302","no","no"
"10310","no","no"
"10312","no","no"
"10316","no","no"
"10317","no","no"
"10319","no","no"
"10323","no","no"
"10329","no","no"
"10331","no","no"
"10333","no","no"
"10335","no","no"
"10336","no","no"
"10339","no","no"
"10341","no","no"
"10349","no","no"
"10358","no","no"
"10361","no","no"
"10366","no","no"
"10368","no","no"
"10369","no","no"
"10372","no","no"
"10381","no","no"
"10389","no","no"
"10391","no","no"
"10400","no","no"
"10405","no","no"
"10416","no","no"
"10418","no","no"
"10419","no","no"
"10421","no","no"
"10431","no","no"
"10432","no","no"
"10433","no","no"
"10437","no","no"
"10439","no","no"
"10441","no","no"
"10445","no","no"
"10450","no","no"
"10451","no","no"
"10453","no","no"
"10455","no","no"
"10460","no","no"
"10461","no","no"
"10463","no","no"
"10469","no","no"
"10470","no","no"
"10471","no","no"
"10472","no","no"
"10474","no","no"
"10476","no","no"
"10477","no","no"
"10478","no","no"
"10479","no","no"
"10484","no","no"
"10487","no","no"
"10493","no","no"
"10497","no","no"
"10499","no","no"
"10501","no","no"
"10504","no","no"
"10507","no","no"
"10513","no","no"
"10520","no","no"
"10524","no","no"
"10525","no","no"
"10526","no","no"
"10528","no","no"
"10532","no","no"
"10533","no","no"
"10541","no","no"
"10552","no","no"
"10556","no","no"
"10562","no","no"
"10567","no","no"
"10571","no","no"
"10573","no","no"
"10574","no","no"
"10577","no","no"
"10582","no","no"
"10587","no","no"
"10599","no","no"
"10601","no","no"
"10602","no","no"
"10605","no","no"
"10606","no","no"
"10608","no","no"
"10609","no","no"
"10613","no","no"
"10617","no","no"
"10619","no","no"
"10621","no","no"
"10625","no","no"
"10628","no","no"
"10631","no","no"
"10632","no","no"
"10634","no","no"
"10638","no","no"
"10644","no","no"
"10649","no","no"
"10653","no","no"
"10655","no","no"
"10658","no","no"
"10666","no","no"
"10668","no","no"
"10676","no","no"
"10681","no","no"
"10684","no","no"
"10685","no","no"
"10688","no","no"
"10693","no","no"
"10696","no","no"
"10699","no","no"
"10703","no","no"
"10707","no","no"
"10715","no","no"
"10723","no","no"
"10725","no","no"
"10726","no","no"
"10727","no","no"
"10742","no","no"
"10745","no","no"
"10748","no","no"
"10751","no","no"
"10757","yes","no"
"10761","no","no"
"10765","no","no"
"10767","no","no"
"10770","no","no"
"10774","no","no"
"10779","no","no"
"10780","no","no"
"10791","no","no"
"10792","no","no"
"10796","no","no"
"10805","no","no"
"10808","no","no"
"10809","no","no"
"10811","no","no"
"10818","no","no"
"10819","no","no"
"10821","no","no"
"10825","no","no"
"10828","no","no"
"10830","no","no"
"10831","no","no"
"10833","no","no"
"10835","no","no"
"10837","no","no"
"10841","no","no"
"10848","no","no"
"10849","no","no"
"10852","no","no"
"10856","no","no"
"10858","no","no"
"10860","no","no"
"10861","no","no"
"10863","no","no"
"10870","no","no"
"10871","no","no"
"10878","no","no"
"10884","no","no"
"10887","no","no"
"10889","no","no"
"10891","no","no"
"10896","no","no"
"10899","no","no"
"10903","no","no"
"10905","no","no"
"10907","no","no"
"10909","no","no"
"10912","no","no"
"10916","no","no"
"10917","no","no"
"10918","no","no"
"10919","no","no"
"10922","no","no"
"10926","no","no"
"10928","no","no"
"10932","no","no"
"10938","no","no"
"10944","no","no"
"10953","no","no"
"10957","no","no"
"10963","no","no"
"10965","no","no"
"10967","no","no"
"10971","no","no"
"10974","no","no"
"10975","no","no"
"10976","no","no"
"10979","no","no"
"10981","no","no"
"10985","no","no"
"10986","no","no"
"10987","no","no"
"10992","no","no"
"10996","no","no"
"11007","no","no"
"11016","no","no"
"11018","no","no"
"11020","no","no"
"11024","no","no"
"11027","no","no"
"11029","no","no"
"11031","no","no"
"11032","no","no"
"11041","no","no"
"11042","no","no"
"11044","no","no"
"11045","no","no"
"11053","no","no"
"11066","no","no"
"11070","no","no"
"11071","no","no"
"11073","no","no"
"11075","no","no"
"11084","no","no"
"11085","no","no"
"11090","no","no"
"11093","no","no"
"11094","no","no"
"11100","no","no"
"11106","no","no"
"11116","no","no"
"11117","no","no"
"11122","no","no"
"11124","no","no"
"11125","no","no"
"11128","no","no"
"11130","no","no"
"11133","no","no"
"11134","no","no"
"11135","no","no"
"11138","no","no"
"11141","no","no"
"11142","no","no"
"11144","no","no"
"11147","no","no"
"11152","no","no"
"11153","no","no"
"11155","no","no"
"11163","no","no"
"11164","no","no"
"11168","no","no"
"11176","no","no"
"11178","no","no"
"11180","no","no"
"11181","no","no"
"11183","no","no"
"11184","no","no"
"11188","no","no"
"11193","no","no"
"11207","no","no"
"11208","no","no"
"11209","no","no"
"11214","no","no"
"11216","no","no"
"11218","no","no"
"11227","no","no"
"11234","no","no"
"11237","no","no"
"11238","no","no"
"11239","no","no"
"11241","no","no"
"11244","no","no"
"11247","no","no"
"11249","no","no"
"11250","no","no"
"11252","no","no"
"11254","no","no"
"11256","no","no"
"11261","no","no"
"11262","no","no"
"11264","no","no"
"11265","no","no"
"11266","no","no"
"11269","no","no"
"11273","no","no"
"11274","no","no"
"11275","no","no"
"11276","no","no"
"11280","no","no"
"11282","no","no"
"11286","no","no"
"11290","no","no"
"11294","no","no"
"11296","no","no"
"11298","no","no"
"11299","no","no"
"11308","no","no"
"11310","no","no"
"11312","no","no"
"11314","no","no"
"11320","no","no"
"11326","no","no"
"11327","no","no"
"11328","no","no"
"11330","no","no"
"11332","no","no"
"11333","no","no"
"11334","no","no"
"11337","no","no"
"11341","no","no"
"11345","no","no"
"11346","no","no"
"11348","no","no"
"11350","no","no"
"11359","no","no"
"11363","no","no"
"11365","no","no"
"11370","no","no"
"11372","no","no"
"11379","no","no"
"11381","no","no"
"11383","no","no"
"11384","no","no"
"11386","no","no"
"11402","no","no"
"11403","no","no"
"11404","no","no"
"11408","no","no"
"11411","no","no"
"11413","no","no"
"11416","no","no"
"11420","no","no"
"11425","no","no"
"11427","no","no"
"11428","no","no"
"11430","no","no"
"11432","no","no"
"11434","no","no"
"11441","no","no"
"11442","no","no"
"11446","no","no"
"11450","no","no"
"11453","no","no"
"11454","no","no"
"11455","no","no"
"11456","no","no"
"11459","no","no"
"11461","no","no"
"11463","no","no"
"11471","no","no"
"11473","no","no"
"11477","no","no"
"11482","no","no"
"11485","no","no"
"11493","no","no"
"11500","no","no"
"11501","no","no"
"11504","no","no"
"11505","no","no"
"11506","no","no"
"11508","no","no"
"11509","no","no"
"11512","no","no"
"11514","no","no"
"11517","no","no"
"11518","no","no"
"11521","no","no"
"11523","no","no"
"11536","no","no"
"11542","no","no"
"11546","no","no"
"11552","no","no"
"11556","no","no"
"11562","no","no"
"11563","no","no"
"11570","no","no"
"11571","no","no"
"11573","no","no"
"11575","no","no"
"11576","no","no"
"11581","no","no"
"11584","no","no"
"11585","no","no"
"11586","no","no"
"11587","no","no"
"11595","no","no"
"11599","no","no"
"11601","no","no"
"11607","no","no"
"11609","no","no"
"11613","no","no"
"11621","no","no"
"11625","no","no"
"11626","no","no"
"11627","no","no"
"11628","no","no"
"11635","no","no"
"11637","no","no"
"11646","no","no"
"11649","no","no"
"11650","no","no"
"11652","no","no"
"11655","no","no"
"11661","no","no"
"11664","no","no"
"11670","no","no"
"11671","no","no"
"11673","no","no"
"11675","no","no"
"11683","no","no"
"11687","no","no"
"11695","no","no"
"11698","no","no"
"11702","no","no"
"11704","no","no"
"11708","no","no"
"11715","no","no"
"11716","no","no"
"11717","no","no"
"11719","no","no"
"11724","no","no"
"11725","no","no"
"11731","no","no"
"11732","no","no"
"11737","no","no"
"11740","no","no"
"11741","no","no"
"11744","no","no"
"11748","no","no"
"11758","no","no"
"11759","no","no"
"11770","no","no"
"11771","no","no"
"11775","no","no"
"11791","no","no"
"11792","no","no"
"11799","no","no"
"11801","no","no"
"11803","no","no"
"11809","no","no"
"11815","no","no"
"11820","no","no"
"11821","no","no"
"11827","no","no"
"11831","no","no"
"11834","no","no"
"11836","no","no"
"11837","no","no"
"11840","no","no"
"11841","no","no"
"11843","no","no"
"11846","no","no"
"11847","no","no"
"11849","no","no"
"11851","no","no"
"11854","no","no"
"11856","no","no"
"11863","no","no"
"11866","no","no"
"11869","no","no"
"11870","no","no"
"11872","no","no"
"11874","no","no"
"11876","no","no"
"11888","no","no"
"11890","no","no"
"11895","no","no"
"11896","no","no"
"11897","no","no"
"11898","no","no"
"11903","no","no"
"11907","no","no"
"11908","no","no"
"11916","no","no"
"11923","no","no"
"11926","no","no"
"11929","no","no"
"11935","no","no"
"11941","no","no"
"11942","no","no"
"11943","no","no"
"11947","no","no"
"11949","no","no"
"11952","no","no"
"11955","no","no"
"11956","no","no"
"11958","no","no"
"11960","no","no"
"11964","no","no"
"11966","no","no"
"11967","no","no"
"11970","no","no"
"11974","no","no"
"11976","no","no"
"11983","no","no"
"11986","no","no"
"11988","no","no"
"11992","no","no"
"11997","no","no"
"12000","no","no"
"12006","yes","yes"
"12008","yes","yes"
"12010","yes","yes"
"12015","yes","yes"
"12032","yes","yes"
"12034","yes","yes"
"12036","yes","yes"
"12037","yes","yes"
"12038","yes","yes"
"12042","yes","yes"
"12044","yes","yes"
"12045","yes","yes"
"12046","no","yes"
"12050","yes","yes"
"12054","yes","yes"
"12056","yes","yes"
"12066","yes","yes"
"12067","yes","yes"
"12072","yes","yes"
"12073","yes","yes"
"12078","yes","yes"
"12079","yes","yes"
"12084","yes","yes"
"12087","yes","yes"
"12090","yes","yes"
"12096","yes","yes"
"12098","yes","yes"
"12099","yes","yes"
"12100","yes","yes"
"12104","yes","yes"
"12105","yes","yes"
"12110","yes","yes"
"12113","yes","yes"
"12118","yes","yes"
"12121","no","yes"
"12128","yes","yes"
"12133","yes","yes"
"12140","yes","yes"
"12149","yes","yes"
"12155","yes","yes"
"12157","yes","yes"
"12159","yes","yes"
"12162","yes","yes"
"12169","yes","yes"
"12173","yes","yes"
"12175","no","yes"
"12177","yes","yes"
"12180","yes","yes"
"12181","yes","yes"
"12185","yes","yes"
"12192","yes","yes"
"12194","yes","yes"
"12195","yes","yes"
"12199","yes","yes"
"12207","yes","yes"
"12209","yes","yes"
"12210","yes","yes"
"12216","yes","yes"
"12217","yes","yes"
"12222","yes","yes"
"12223","yes","yes"
"12226","yes","yes"
"12229","yes","yes"
"12231","yes","yes"
"12232","yes","yes"
"12233","yes","yes"
"12238","yes","yes"
"12239","yes","yes"
"12242","yes","yes"
"12244","yes","yes"
"12248","yes","yes"
"12253","yes","yes"
"12254","yes","yes"
"12257","yes","yes"
"12268","yes","yes"
"12270","yes","yes"
"12271","yes","yes"
"12276","yes","yes"
"12277","yes","yes"
"12279","yes","yes"
"12287","yes","yes"
"12288","yes","yes"
"12291","yes","yes"
"12292","yes","yes"
"12295","yes","yes"
"12307","yes","yes"
"12308","yes","yes"
"12309","yes","yes"
"12312","yes","yes"
"12313","yes","yes"
"12318","yes","yes"
"12321","yes","yes"
"12323","yes","yes"
"12324","yes","yes"
"12328","yes","yes"
"12333","yes","yes"
"12338","yes","yes"
"12342","yes","yes"
"12343","yes","yes"
"12345","yes","yes"
"12346","yes","yes"
"12348","yes","yes"
"12351","yes","yes"
"12353","yes","yes"
"12354","yes","yes"
"12356","yes","yes"
"12362","yes","yes"
"12368","yes","yes"
"12369","yes","yes"
"12373","yes","yes"
"12374","yes","yes"
"12377","yes","yes"
"12379","yes","yes"
"12382","yes","yes"
"12384","yes","yes"
"12385","yes","yes"
"12387","yes","yes"
"12393","yes","yes"
"12395","yes","yes"
"12397","yes","yes"
"12399","yes","yes"
"12405","yes","yes"
"12407","yes","yes"
"12408","yes","yes"
"12410","yes","yes"
"12411","yes","yes"
"12417","yes","yes"
"12418","yes","yes"
"12420","yes","yes"
"12421","yes","yes"
"12423","yes","yes"
"12424","yes","yes"
"12425","yes","yes"
"12427","yes","yes"
"12428","yes","yes"
"12434","yes","yes"
"12436","yes","yes"
"12441","yes","yes"
"12446","yes","yes"
"12447","yes","yes"
"12450","yes","yes"
"12452","yes","yes"
"12461","yes","yes"
"12464","yes","yes"
"12468","yes","yes"
"12470","yes","yes"
"12472","yes","yes"
"12473","yes","yes"
"12477","yes","yes"
"12479","yes","yes"
"12481","yes","yes"
"12483","yes","yes"
"12491","yes","yes"
"12496","yes","yes"
"12498","yes","yes"
"12500","yes","yes"
"12501","yes","yes"
"12508","yes","yes"
"12517","yes","yes"
"12518","yes","yes"
"12519","yes","yes"
"12521","yes","yes"
"12522","yes","yes"
"12529","yes","yes"
"12531","yes","yes"
"12542","yes","yes"
"12546","yes","yes"
"12564","yes","yes"
"12568","yes","yes"
"12570","yes","yes"
"12571","yes","yes"
"12572","yes","yes"
"12574","yes","yes"
"12579","yes","yes"
"12585","yes","yes"
"12588","yes","yes"
"12595","yes","yes"
"12599","yes","yes"
"12602","yes","yes"
"12608","yes","yes"
"12609","yes","yes"
"12611","yes","yes"
"12623","yes","yes"
"12624","yes","yes"
"12633","yes","yes"
"12635","yes","yes"
"12636","yes","yes"
"12639","yes","yes"
"12643","yes","yes"
"12645","yes","yes"
"12646","yes","yes"
"12647","no","yes"
"12649","yes","yes"
"12652","yes","yes"
"12654","yes","yes"
"12655","yes","yes"
"12656","yes","yes"
"12660","yes","yes"
"12666","yes","yes"
"12667","no","yes"
"12668","yes","yes"
"12670","yes","yes"
"12671","yes","yes"
"12678","yes","yes"
"12686","yes","yes"
"12689","yes","yes"
"12692","no","yes"
"12694","yes","yes"
"12695","yes","yes"
"12702","yes","yes"
"12703","yes","yes"
"12704","yes","yes"
"12705","no","yes"
"12706","yes","yes"
"12708","yes","yes"
"12710","yes","yes"
"12712","yes","yes"
"12716","yes","yes"
"12720","yes","yes"
"12723","yes","yes"
"12724","yes","yes"
"12733","yes","yes"
"12734","yes","yes"
"12740","yes","yes"
"12741","yes","yes"
"12742","no","yes"
"12748","yes","yes"
"12749","yes","yes"
"12752","yes","yes"
"12754","yes","yes"
"12756","yes","yes"
"12759","yes","yes"
"12762","yes","yes"
"12763","yes","yes"
"12764","yes","yes"
"12766","yes","yes"
"12768","yes","yes"
"12772","yes","yes"
"12773","no","yes"
"12775","yes","yes"
"12777","yes","yes"
"12781","yes","yes"
"12783","yes","yes"
"12788","no","no"
"12791","no","no"
"12792","no","no"
"12794","no","no"
"12795","no","no"
"12803","no","no"
"12810","no","no"
"12811","no","no"
"12815","no","no"
"12816","no","no"
"12817","no","no"
"12820","no","no"
"12823","no","no"
"12826","no","no"
"12827","no","no"
"12828","no","no"
"12831","no","no"
"12832","no","no"
"12833","no","no"
"12836","no","no"
"12837","no","no"
"12838","no","no"
"12841","no","no"
"12842","no","no"
"12843","no","no"
"12844","no","no"
"12845","no","no"
"12846","no","no"
"12849","no","no"
"12850","no","no"
"12855","no","no"
"12862","no","no"
"12863","no","no"
"12864","no","no"
"12868","no","no"
"12869","no","no"
"12874","no","no"
"12877","no","no"
"12878","no","no"
"12880","no","no"
"12883","no","no"
"12884","no","no"
"12885","no","no"
"12886","no","no"
"12889","no","no"
"12892","no","no"
"12894","no","no"
"12895","no","no"
"12903","no","no"
"12905","no","no"
"12910","no","no"
"12912","no","no"
"12913","no","no"
"12914","no","no"
"12915","no","no"
"12918","no","no"
"12920","no","no"
"12921","no","no"
"12923","no","no"
"12929","no","no"
"12934","no","no"
"12935","no","no"
"12946","no","no"
"12954","no","no"
"12957","no","no"
"12965","no","no"
"12966","no","no"
"12968","yes","no"
"12972","no","no"
"12979","no","no"
"12980","no","no"
"12984","no","no"
"12986","no","no"
"12992","no","no"
"12997","no","no"
"12999","no","no"
"13000","no","no"
"13002","no","no"
"13003","no","no"
"13007","no","no"
"13008","no","no"
"13010","no","no"
"13011","no","no"
"13014","no","no"
"13017","no","no"
"13023","no","no"
"13027","no","no"
"13029","no","no"
"13031","no","no"
"13036","no","no"
"13037","no","no"
"13041","no","no"
"13045","no","no"
"13050","no","no"
"13053","no","no"
"13054","no","no"
"13055","no","no"
"13063","no","no"
"13066","no","no"
"13068","no","no"
"13072","no","no"
"13074","no","no"
"13078","no","no"
"13079","no","no"
"13080","no","no"
"13081","no","no"
"13082","no","no"
"13084","no","no"
"13093","no","no"
"13094","no","no"
"13097","no","no"
"13104","no","no"
"13105","no","no"
"13108","no","no"
"13110","no","no"
"13114","no","no"
"13115","no","no"
"13117","no","no"
"13122","no","no"
"13124","no","no"
"13126","no","no"
"13138","no","no"
"13141","no","no"
"13142","no","no"
"13149","no","no"
"13150","no","no"
"13151","no","no"
"13152","no","no"
"13160","no","no"
"13172","no","no"
"13173","no","no"
"13174","no","no"
"13175","no","no"
"13177","no","no"
"13179","no","no"
"13187","no","no"
"13190","no","no"
"13192","no","no"
"13201","no","no"
"13208","no","no"
"13219","no","no"
"13221","no","no"
"13235","no","no"
"13238","no","no"
"13244","no","no"
"13247","no","no"
"13251","no","no"
"13252","no","no"
"13253","no","no"
"13255","no","no"
"13263","no","no"
"13266","no","no"
"13269","no","no"
"13274","no","no"
"13277","no","no"
"13285","no","no"
"13287","no","no"
"13291","no","no"
"13294","no","no"
"13302","no","no"
"13303","no","no"
"13311","no","no"
"13314","no","no"
"13317","no","no"
"13321","no","no"
"13323","no","no"
"13325","no","no"
"13327","no","no"
"13338","no","no"
"13343","no","no"
"13348","no","no"
"13350","no","no"
"13365","no","no"
"13367","no","no"
"13369","no","no"
"13373","no","no"
"13375","no","no"
"13376","no","no"
"13377","no","no"
"13387","no","no"
"13389","no","no"
"13394","no","no"
"13396","no","no"
"13397","no","no"
"13399","no","no"
"13408","no","no"
"13412","no","no"
"13425","no","no"
"13428","no","no"
"13435","no","no"
"13440","no","no"
"13442","no","no"
"13449","no","no"
"13450","no","no"
"13452","no","no"
"13456","no","no"
"13459","no","no"
"13460","no","no"
"13461","no","no"
"13467","no","no"
"13468","no","no"
"13469","no","no"
"13470","no","no"
"13471","no","no"
"13473","no","no"
"13474","no","no"
"13475","no","no"
"13476","no","no"
"13479","no","no"
"13482","no","no"
"13484","no","no"
"13486","no","no"
"13488","no","no"
"13492","no","no"
"13499","no","no"
"13503","no","no"
"13511","no","no"
"13512","no","no"
"13513","no","no"
"13518","no","no"
"13520","no","no"
"13521","no","no"
"13523","no","no"
"13524","no","no"
"13525","no","no"
"13528","no","no"
"13534","no","no"
"13535","no","no"
"13536","no","no"
"13543","no","no"
"13544","no","no"
"13545","no","no"
"13546","no","no"
"13552","no","no"
"13561","no","no"
"13564","no","no"
"13565","no","no"
"13567","no","no"
"13571","no","no"
"13579","no","no"
"13590","no","no"
"13594","no","no"
"13604","no","no"
"13605","no","no"
"13606","no","no"
"13608","no","no"
"13614","no","no"
"13615","no","no"
"13624","no","no"
"13627","no","no"
"13629","no","no"
"13632","no","no"
"13633","no","no"
"13634","no","no"
"13637","no","no"
"13638","no","no"
"13643","no","no"
"13644","no","no"
"13645","no","no"
"13646","no","no"
"13648","no","no"
"13652","no","no"
"13653","no","no"
"13655","no","no"
"13656","no","no"
"13663","no","no"
"13664","no","no"
"13665","no","no"
"13671","no","no"
"13672","no","no"
"13675","no","no"
"13677","no","no"
"13679","no","no"
"13680","no","no"
"13684","no","no"
"13694","no","no"
"13697","no","no"
"13698","no","no"
"13703","no","no"
"13705","no","no"
"13708","no","no"
"13710","no","no"
"13711","no","no"
"13712","no","no"
"13714","no","no"
"13715","no","no"
"13729","no","no"
"13730","no","no"
"13731","no","no"
"13733","no","no"
"13734","no","no"
"13738","no","no"
"13740","no","no"
"13743","no","no"
"13746","no","no"
"13754","no","no"
"13757","no","no"
"13758","no","no"
"13769","no","no"
"13774","no","no"
"13776","no","no"
"13782","no","no"
"13783","no","no"
"13784","no","no"
"13791","no","no"
"13792","no","no"
"13794","no","no"
"13797","no","no"
"13798","no","no"
"13799","no","no"
"13802","no","no"
"13813","no","no"
"13819","no","no"
"13825","no","no"
"13826","no","no"
"13827","no","no"
"13831","no","no"
"13832","no","no"
"13838","no","no"
"13841","no","no"
"13843","no","no"
"13844","no","no"
"13847","no","no"
"13848","no","no"
"13850","no","no"
"13851","no","no"
"13852","no","no"
"13853","no","no"
"13856","no","no"
"13870","no","no"
"13883","no","no"
"13884","no","no"
"13887","no","no"
"13889","no","no"
"13891","no","no"
"13894","no","no"
"13903","no","no"
"13906","no","no"
"13910","no","no"
"13912","no","no"
"13916","no","no"
"13921","no","no"
"13923","no","no"
"13930","no","no"
"13931","no","no"
"13932","no","no"
"13939","no","no"
"13943","no","no"
"13944","no","no"
"13946","no","no"
"13955","no","no"
"13956","no","no"
"13962","no","no"
"13964","no","no"
"13966","no","no"
"13969","no","no"
"13980","no","no"
"13983","no","no"
"13984","no","no"
"13985","no","no"
"13991","no","no"
"13993","no","no"
"13996","no","no"
"14002","no","no"
"14003","no","no"
"14011","no","no"
"14013","no","no"
"14019","no","no"
"14020","no","no"
"14021","no","no"
"14024","no","no"
"14031","no","no"
"14032","no","no"
"14033","no","no"
"14037","no","no"
"14038","no","no"
"14040","no","no"
"14047","no","no"
"14049","no","no"
"14053","no","no"
"14060","no","no"
"14061","no","no"
"14065","no","no"
"14068","no","no"
"14069","no","no"
"14071","no","no"
"14073","no","no"
"14074","no","no"
"14082","no","no"
"14083","no","no"
"14085","no","no"
"14090","no","no"
"14093","no","no"
"14096","no","no"
"14098","no","no"
"14102","no","no"
"14103","no","no"
"14107","no","no"
"14111","no","no"
"14119","no","no"
"14120","no","no"
"14121","no","no"
"14124","no","no"
"14126","no","no"
"14129","no","no"
"14132","no","no"
"14140","no","no"
"14142","no","no"
"14144","no","no"
"14152","no","no"
"14154","no","no"
"14155","no","no"
"14157","no","no"
"14161","no","no"
"14162","no","no"
"14169","no","no"
"14170","no","no"
"14173","no","no"
"14177","no","no"
"14178","no","no"
"14180","no","no"
"14185","no","no"
"14189","no","no"
"14200","no","no"
"14212","yes","yes"
"14213","yes","yes"
"14215","yes","yes"
"14217","yes","yes"
"14224","yes","yes"
"14227","yes","yes"
"14228","yes","yes"
"14229","yes","yes"
"14235","yes","yes"
"14241","yes","yes"
"14246","yes","yes"
"14249","yes","yes"
"14253","yes","yes"
"14258","yes","yes"
"14268","yes","yes"
"14271","yes","yes"
"14278","yes","yes"
"14281","yes","yes"
"14287","yes","yes"
"14294","yes","yes"
"14305","yes","yes"
"14309","yes","yes"
"14310","yes","yes"
"14311","yes","yes"
"14313","yes","yes"
"14322","yes","yes"
"14324","yes","yes"
"14327","yes","yes"
"14329","yes","yes"
"14332","no","yes"
"14333","yes","yes"
"14340","yes","yes"
"14345","yes","yes"
"14349","yes","yes"
"14351","yes","yes"
"14352","yes","yes"
"14353","yes","yes"
"14354","yes","yes"
"14355","yes","yes"
"14361","yes","yes"
"14365","yes","yes"
"14373","yes","yes"
"14376","yes","yes"
"14378","yes","yes"
"14379","yes","yes"
"14380","yes","yes"
"14386","no","yes"
"14390","yes","yes"
"14393","yes","yes"
"14395","yes","yes"
"14396","yes","yes"
"14399","yes","yes"
"14400","yes","yes"
"14402","yes","yes"
"14403","yes","yes"
"14406","yes","yes"
"14409","yes","yes"
"14411","yes","yes"
"14415","yes","yes"
"14416","yes","yes"
"14425","yes","yes"
"14432","yes","yes"
"14439","yes","yes"
"14446","yes","yes"
"14448","yes","yes"
"14450","yes","yes"
"14452","yes","yes"
"14454","yes","yes"
"14457","yes","yes"
"14458","yes","yes"
"14460","yes","yes"
"14464","yes","yes"
"14466","yes","yes"
"14468","yes","yes"
"14472","yes","yes"
"14476","yes","yes"
"14479","yes","yes"
"14485","yes","yes"
"14486","yes","yes"
"14488","yes","yes"
"14489","yes","yes"
"14490","yes","yes"
"14491","yes","yes"
"14494","yes","yes"
"14495","yes","yes"
"14499","yes","yes"
"14502","yes","yes"
"14514","yes","yes"
"14517","yes","yes"
"14519","yes","yes"
"14520","yes","yes"
"14522","yes","yes"
"14526","yes","yes"
"14528","yes","yes"
"14529","yes","yes"
"14532","yes","yes"
"14533","yes","yes"
"14539","yes","yes"
"14540","yes","yes"
"14541","yes","yes"
"14545","yes","yes"
"14554","yes","yes"
"14555","yes","yes"
"14560","yes","yes"
"14563","yes","yes"
"14566","yes","yes"
"14567","yes","yes"
"14569","yes","yes"
"14575","yes","yes"
"14577","yes","yes"
"14579","yes","yes"
"14581","yes","yes"
"14585","yes","yes"
"14588","yes","yes"
"14592","yes","yes"
"14593","yes","yes"
"14597","yes","yes"
"14598","yes","yes"
"14599","yes","yes"
"14601","yes","yes"
"14607","yes","yes"
"14612","yes","yes"
"14620","yes","yes"
"14621","yes","yes"
"14623","yes","yes"
"14627","yes","yes"
"14631","yes","yes"
"14635","yes","yes"
"14636","yes","yes"
"14640","yes","yes"
"14643","yes","yes"
"14644","yes","yes"
"14651","yes","yes"
"14655","yes","yes"
"14658","yes","yes"
"14665","yes","yes"
"14672","yes","yes"
"14673","yes","yes"
"14674","yes","yes"
"14681","yes","yes"
"14684","yes","yes"
"14685","yes","yes"
"14688","yes","yes"
"14689","yes","yes"
"14693","yes","yes"
"14694","yes","yes"
"14700","yes","yes"
"14702","yes","yes"
"14705","yes","yes"
"14706","yes","yes"
"14710","yes","yes"
"14711","yes","yes"
"14712","yes","yes"
"14717","yes","yes"
"14722","yes","yes"
"14723","yes","yes"
"14727","yes","yes"
"14730","yes","yes"
"14732","yes","yes"
"14735","yes","yes"
"14737","yes","yes"
"14743","yes","yes"
"14745","yes","yes"
"14747","yes","yes"
"14751","yes","yes"
"14752","yes","yes"
"14756","yes","yes"
"14757","yes","yes"
"14762","yes","yes"
"14767","yes","yes"
"14772","yes","yes"
"14776","yes","yes"
"14778","yes","yes"
"14780","yes","yes"
"14782","yes","yes"
"14785","yes","yes"
"14786","yes","yes"
"14790","yes","yes"
"14794","yes","yes"
"14797","yes","yes"
"14799","yes","yes"
"14800","yes","yes"
"14801","yes","yes"
"14805","yes","yes"
"14809","yes","yes"
"14810","yes","yes"
"14812","yes","yes"
"14813","yes","yes"
"14816","yes","yes"
"14817","yes","yes"
"14821","yes","yes"
"14824","yes","yes"
"14831","yes","yes"
"14839","yes","yes"
"14840","yes","yes"
"14842","yes","yes"
"14843","yes","yes"
"14849","yes","yes"
"14851","yes","yes"
"14857","yes","yes"
"14858","no","yes"
"14859","yes","yes"
"14862","yes","yes"
"14863","yes","yes"
"14864","yes","yes"
"14865","yes","yes"
"14869","yes","yes"
"14870","yes","yes"
"14871","yes","yes"
"14877","yes","yes"
"14878","yes","yes"
"14881","yes","yes"
"14882","yes","yes"
"14885","yes","yes"
"14887","yes","yes"
"14888","yes","yes"
"14889","yes","yes"
"14891","yes","yes"
"14892","yes","yes"
"14894","yes","yes"
"14895","yes","yes"
"14903","yes","yes"
"14905","yes","yes"
"14914","yes","yes"
"14915","yes","yes"
"14916","yes","yes"
"14917","yes","yes"
"14918","yes","yes"
"14920","yes","yes"
"14925","yes","yes"
"14926","yes","yes"
"14927","yes","yes"
"14932","yes","yes"
"14935","yes","yes"
"14936","yes","yes"
"14937","yes","yes"
"14941","yes","yes"
"14943","yes","yes"
"14944","yes","yes"
"14947","yes","yes"
"14948","yes","yes"
"14949","yes","yes"
"14950","yes","yes"
"14951","yes","yes"
"14953","yes","yes"
"14956","yes","yes"
"14958","yes","yes"
"14960","yes","yes"
"14961","yes","yes"
"14967","yes","yes"
"14971","yes","yes"
"14974","yes","yes"
"14975","yes","yes"
"14979","yes","yes"
"14992","yes","yes"
"14996","yes","yes"
