"","predvalues_SVM","testdata_SVM$left"
"5","no","yes"
"6","no","yes"
"17","no","yes"
"24","no","yes"
"25","no","yes"
"27","no","yes"
"28","no","yes"
"32","no","yes"
"37","no","yes"
"41","no","yes"
"43","no","yes"
"44","yes","yes"
"48","no","yes"
"49","no","yes"
"50","no","yes"
"56","no","yes"
"62","yes","yes"
"63","yes","yes"
"66","no","yes"
"68","no","yes"
"75","yes","yes"
"77","yes","yes"
"78","no","yes"
"79","no","yes"
"84","no","yes"
"85","yes","yes"
"88","no","yes"
"89","no","yes"
"95","yes","yes"
"97","yes","yes"
"98","yes","yes"
"100","no","yes"
"107","no","yes"
"109","no","yes"
"112","yes","yes"
"115","no","yes"
"119","no","yes"
"122","no","yes"
"129","yes","yes"
"130","no","yes"
"131","yes","yes"
"132","no","yes"
"135","no","yes"
"143","yes","yes"
"144","no","yes"
"145","no","yes"
"146","no","yes"
"147","no","yes"
"148","yes","yes"
"154","no","yes"
"158","yes","yes"
"159","no","yes"
"160","no","yes"
"162","no","yes"
"163","no","yes"
"165","no","yes"
"168","no","yes"
"173","yes","yes"
"174","yes","yes"
"178","no","yes"
"181","no","yes"
"182","yes","yes"
"184","yes","yes"
"187","yes","yes"
"191","yes","yes"
"192","no","yes"
"196","yes","yes"
"197","yes","yes"
"198","yes","yes"
"200","no","yes"
"201","no","yes"
"202","no","yes"
"207","no","yes"
"212","yes","yes"
"213","no","yes"
"221","yes","yes"
"222","no","yes"
"223","no","yes"
"225","no","yes"
"229","no","yes"
"231","no","yes"
"235","no","yes"
"244","no","yes"
"245","no","yes"
"247","no","yes"
"249","no","yes"
"250","yes","yes"
"253","yes","yes"
"256","no","yes"
"258","no","yes"
"262","no","yes"
"266","no","yes"
"267","yes","yes"
"270","no","yes"
"275","yes","yes"
"276","no","yes"
"277","yes","yes"
"280","no","yes"
"281","yes","yes"
"282","yes","yes"
"285","no","yes"
"286","no","yes"
"288","yes","yes"
"292","no","yes"
"296","no","yes"
"301","no","yes"
"303","yes","yes"
"308","yes","yes"
"310","yes","yes"
"311","yes","yes"
"313","no","yes"
"314","no","yes"
"315","yes","yes"
"318","no","yes"
"319","yes","yes"
"324","yes","yes"
"327","no","yes"
"331","no","yes"
"333","yes","yes"
"334","no","yes"
"343","no","yes"
"345","no","yes"
"346","yes","yes"
"349","yes","yes"
"351","yes","yes"
"352","yes","yes"
"359","no","yes"
"362","no","yes"
"364","no","yes"
"368","no","yes"
"369","no","yes"
"382","no","yes"
"383","no","yes"
"389","no","yes"
"392","no","yes"
"396","no","yes"
"397","no","yes"
"400","yes","yes"
"402","no","yes"
"406","no","yes"
"417","no","yes"
"420","no","yes"
"427","no","yes"
"431","no","yes"
"432","no","yes"
"435","yes","yes"
"438","no","yes"
"442","yes","yes"
"444","no","yes"
"447","no","yes"
"448","yes","yes"
"451","no","yes"
"454","no","yes"
"458","no","yes"
"462","no","yes"
"481","no","yes"
"484","no","yes"
"488","yes","yes"
"493","yes","yes"
"498","no","yes"
"499","no","yes"
"503","yes","yes"
"504","no","yes"
"506","yes","yes"
"508","no","yes"
"511","no","yes"
"515","no","yes"
"516","no","yes"
"517","yes","yes"
"520","no","yes"
"534","no","yes"
"535","no","yes"
"537","yes","yes"
"542","no","yes"
"545","no","yes"
"548","no","yes"
"552","no","yes"
"558","no","yes"
"561","yes","yes"
"563","no","yes"
"568","yes","yes"
"571","no","yes"
"573","no","yes"
"575","no","yes"
"578","no","yes"
"584","no","yes"
"586","no","yes"
"587","no","yes"
"590","no","yes"
"594","no","yes"
"596","yes","yes"
"598","yes","yes"
"600","yes","yes"
"607","no","yes"
"608","yes","yes"
"612","no","yes"
"618","no","yes"
"627","no","yes"
"628","no","yes"
"630","no","yes"
"631","yes","yes"
"632","no","yes"
"633","yes","yes"
"640","no","yes"
"642","no","yes"
"644","no","yes"
"646","no","yes"
"655","yes","yes"
"666","no","yes"
"667","no","yes"
"672","yes","yes"
"675","no","yes"
"678","no","yes"
"681","yes","yes"
"682","no","yes"
"683","yes","yes"
"686","no","yes"
"691","no","yes"
"693","no","yes"
"696","yes","yes"
"702","no","yes"
"705","no","yes"
"708","no","yes"
"709","yes","yes"
"712","no","yes"
"713","no","yes"
"716","no","yes"
"723","no","yes"
"726","no","yes"
"735","yes","yes"
"739","yes","yes"
"748","no","yes"
"749","no","yes"
"759","no","yes"
"764","no","yes"
"770","no","yes"
"773","no","yes"
"775","no","yes"
"777","yes","yes"
"778","yes","yes"
"782","no","yes"
"784","no","yes"
"791","no","yes"
"794","no","yes"
"798","yes","yes"
"799","no","yes"
"800","no","yes"
"801","no","yes"
"803","no","yes"
"805","no","yes"
"808","no","yes"
"816","no","yes"
"817","no","yes"
"821","yes","yes"
"822","no","yes"
"828","no","yes"
"839","no","yes"
"841","no","yes"
"842","yes","yes"
"849","no","yes"
"851","no","yes"
"864","no","yes"
"866","no","yes"
"875","yes","yes"
"877","no","yes"
"878","no","yes"
"880","no","yes"
"886","no","yes"
"897","no","yes"
"901","no","yes"
"902","no","yes"
"907","yes","yes"
"912","no","yes"
"917","yes","yes"
"920","no","yes"
"923","no","yes"
"925","no","yes"
"937","yes","yes"
"941","no","yes"
"942","no","yes"
"944","no","yes"
"945","yes","yes"
"946","no","yes"
"950","yes","yes"
"952","no","yes"
"959","no","yes"
"962","no","yes"
"967","yes","yes"
"971","no","yes"
"972","no","yes"
"973","yes","yes"
"979","no","yes"
"986","no","yes"
"988","yes","yes"
"989","no","yes"
"992","no","yes"
"996","no","yes"
"998","no","yes"
"1007","no","yes"
"1016","no","yes"
"1017","no","yes"
"1018","no","yes"
"1020","no","yes"
"1029","no","yes"
"1031","yes","yes"
"1034","no","yes"
"1035","no","yes"
"1038","yes","yes"
"1040","no","yes"
"1044","no","yes"
"1053","no","yes"
"1054","yes","yes"
"1055","yes","yes"
"1057","no","yes"
"1060","no","yes"
"1062","no","yes"
"1064","yes","yes"
"1067","no","yes"
"1070","no","yes"
"1071","no","yes"
"1079","no","yes"
"1081","no","yes"
"1082","no","yes"
"1083","no","yes"
"1085","no","yes"
"1087","no","yes"
"1091","no","yes"
"1101","yes","yes"
"1103","no","yes"
"1104","no","yes"
"1107","no","yes"
"1111","yes","yes"
"1113","yes","yes"
"1115","yes","yes"
"1117","yes","yes"
"1122","no","yes"
"1126","no","yes"
"1128","yes","yes"
"1129","yes","yes"
"1135","no","yes"
"1142","no","yes"
"1147","no","yes"
"1148","no","yes"
"1153","no","yes"
"1154","yes","yes"
"1170","no","yes"
"1172","yes","yes"
"1177","no","yes"
"1184","yes","yes"
"1190","no","yes"
"1194","no","yes"
"1196","no","yes"
"1197","no","yes"
"1200","no","yes"
"1201","no","yes"
"1202","yes","yes"
"1211","yes","yes"
"1213","no","yes"
"1216","no","yes"
"1217","no","yes"
"1218","no","yes"
"1225","yes","yes"
"1230","no","yes"
"1231","no","yes"
"1233","yes","yes"
"1234","no","yes"
"1237","no","yes"
"1240","no","yes"
"1243","yes","yes"
"1248","yes","yes"
"1258","no","yes"
"1262","no","yes"
"1264","no","yes"
"1269","no","yes"
"1274","no","yes"
"1278","no","yes"
"1284","no","yes"
"1288","yes","yes"
"1290","no","yes"
"1292","yes","yes"
"1294","no","yes"
"1297","no","yes"
"1298","no","yes"
"1302","no","yes"
"1304","no","yes"
"1306","no","yes"
"1307","yes","yes"
"1308","no","yes"
"1311","no","yes"
"1312","no","yes"
"1320","no","yes"
"1321","yes","yes"
"1323","no","yes"
"1330","yes","yes"
"1331","no","yes"
"1332","yes","yes"
"1336","no","yes"
"1338","no","yes"
"1339","no","yes"
"1342","no","yes"
"1344","no","yes"
"1349","no","yes"
"1350","no","yes"
"1353","no","yes"
"1355","yes","yes"
"1357","yes","yes"
"1358","no","yes"
"1359","yes","yes"
"1368","no","yes"
"1370","yes","yes"
"1373","no","yes"
"1375","no","yes"
"1379","no","yes"
"1384","no","yes"
"1387","yes","yes"
"1388","no","yes"
"1390","no","yes"
"1392","no","yes"
"1393","no","yes"
"1396","no","yes"
"1397","yes","yes"
"1400","no","yes"
"1413","no","yes"
"1419","yes","yes"
"1420","no","yes"
"1422","no","yes"
"1424","no","yes"
"1425","no","yes"
"1432","no","yes"
"1434","no","yes"
"1435","no","yes"
"1447","no","yes"
"1457","no","yes"
"1468","yes","yes"
"1471","no","yes"
"1477","no","yes"
"1482","yes","yes"
"1484","yes","yes"
"1496","no","yes"
"1498","no","yes"
"1499","no","yes"
"1504","no","yes"
"1507","no","yes"
"1511","no","yes"
"1513","no","yes"
"1516","no","yes"
"1517","no","yes"
"1522","no","yes"
"1545","no","yes"
"1547","no","yes"
"1553","yes","yes"
"1554","no","yes"
"1561","yes","yes"
"1562","yes","yes"
"1563","no","yes"
"1564","no","yes"
"1571","no","yes"
"1572","no","yes"
"1574","yes","yes"
"1577","no","yes"
"1578","no","yes"
"1582","no","yes"
"1583","yes","yes"
"1584","no","yes"
"1586","no","yes"
"1589","no","yes"
"1592","no","yes"
"1596","no","yes"
"1601","yes","yes"
"1608","no","yes"
"1609","yes","yes"
"1611","no","yes"
"1613","no","yes"
"1617","no","yes"
"1618","no","yes"
"1619","no","yes"
"1620","no","yes"
"1628","no","yes"
"1634","no","yes"
"1636","no","yes"
"1640","no","yes"
"1649","yes","yes"
"1650","no","yes"
"1653","no","yes"
"1654","yes","yes"
"1670","no","yes"
"1674","no","yes"
"1675","no","yes"
"1676","yes","yes"
"1679","no","yes"
"1681","yes","yes"
"1686","no","yes"
"1687","yes","yes"
"1688","no","yes"
"1689","no","yes"
"1692","no","yes"
"1694","no","yes"
"1700","no","yes"
"1703","no","yes"
"1704","no","yes"
"1705","no","yes"
"1708","no","yes"
"1712","no","yes"
"1723","no","yes"
"1724","yes","yes"
"1726","yes","yes"
"1729","yes","yes"
"1731","no","yes"
"1735","yes","yes"
"1737","yes","yes"
"1738","yes","yes"
"1743","yes","yes"
"1749","no","yes"
"1750","no","yes"
"1753","yes","yes"
"1754","no","yes"
"1761","no","yes"
"1762","yes","yes"
"1765","no","yes"
"1766","no","yes"
"1767","no","yes"
"1769","no","yes"
"1770","no","yes"
"1778","no","yes"
"1783","no","yes"
"1789","no","yes"
"1791","no","yes"
"1794","no","yes"
"1795","no","yes"
"1798","no","yes"
"1799","yes","yes"
"1805","no","yes"
"1808","yes","yes"
"1810","no","yes"
"1811","no","yes"
"1812","no","yes"
"1814","yes","yes"
"1815","no","yes"
"1824","yes","yes"
"1825","no","yes"
"1832","no","yes"
"1833","no","yes"
"1836","no","yes"
"1838","yes","yes"
"1840","no","yes"
"1841","yes","yes"
"1844","no","yes"
"1846","no","yes"
"1850","no","yes"
"1852","no","yes"
"1853","no","yes"
"1863","yes","yes"
"1865","no","yes"
"1867","no","yes"
"1873","yes","yes"
"1893","no","yes"
"1894","yes","yes"
"1896","no","yes"
"1897","no","yes"
"1898","yes","yes"
"1899","no","yes"
"1901","no","yes"
"1902","no","yes"
"1905","no","yes"
"1911","yes","yes"
"1913","no","yes"
"1915","yes","yes"
"1917","no","yes"
"1919","no","yes"
"1920","no","yes"
"1927","no","yes"
"1930","no","yes"
"1931","no","yes"
"1933","no","yes"
"1936","no","yes"
"1940","yes","yes"
"1945","no","yes"
"1947","no","yes"
"1950","no","yes"
"1955","no","yes"
"1960","no","yes"
"1961","no","yes"
"1965","no","yes"
"1966","no","yes"
"1967","yes","yes"
"1969","no","yes"
"1971","no","yes"
"1973","no","yes"
"1974","no","yes"
"1976","no","yes"
"1979","no","yes"
"1985","no","yes"
"1987","no","yes"
"1990","no","yes"
"2002","no","no"
"2006","yes","no"
"2011","no","no"
"2012","no","no"
"2013","no","no"
"2015","no","no"
"2017","no","no"
"2020","no","no"
"2031","no","no"
"2032","no","no"
"2033","no","no"
"2037","yes","no"
"2039","no","no"
"2046","no","no"
"2047","no","no"
"2050","no","no"
"2056","no","no"
"2058","no","no"
"2060","no","no"
"2063","no","no"
"2064","no","no"
"2065","no","no"
"2067","no","no"
"2070","no","no"
"2071","no","no"
"2073","no","no"
"2076","no","no"
"2077","no","no"
"2087","yes","no"
"2088","no","no"
"2089","no","no"
"2092","no","no"
"2095","no","no"
"2106","no","no"
"2111","no","no"
"2114","no","no"
"2117","no","no"
"2119","no","no"
"2123","no","no"
"2126","no","no"
"2130","no","no"
"2134","no","no"
"2135","no","no"
"2139","no","no"
"2140","no","no"
"2141","no","no"
"2143","no","no"
"2144","no","no"
"2145","no","no"
"2146","no","no"
"2148","no","no"
"2149","no","no"
"2154","no","no"
"2156","yes","no"
"2165","no","no"
"2173","no","no"
"2174","no","no"
"2183","no","no"
"2185","no","no"
"2188","no","no"
"2189","yes","no"
"2191","no","no"
"2193","no","no"
"2199","no","no"
"2200","no","no"
"2203","yes","no"
"2206","no","no"
"2207","yes","no"
"2208","no","no"
"2216","no","no"
"2219","no","no"
"2225","no","no"
"2227","no","no"
"2228","no","no"
"2230","no","no"
"2234","no","no"
"2236","yes","no"
"2242","no","no"
"2245","no","no"
"2250","no","no"
"2253","no","no"
"2272","no","no"
"2278","no","no"
"2279","no","no"
"2283","no","no"
"2285","no","no"
"2286","no","no"
"2295","no","no"
"2298","no","no"
"2315","yes","no"
"2316","no","no"
"2321","no","no"
"2322","no","no"
"2323","no","no"
"2324","no","no"
"2326","no","no"
"2328","no","no"
"2331","no","no"
"2335","no","no"
"2338","no","no"
"2339","no","no"
"2344","no","no"
"2348","no","no"
"2349","no","no"
"2351","no","no"
"2352","no","no"
"2353","no","no"
"2354","no","no"
"2355","no","no"
"2356","no","no"
"2357","no","no"
"2361","yes","no"
"2363","no","no"
"2377","no","no"
"2380","no","no"
"2383","no","no"
"2385","no","no"
"2389","no","no"
"2390","no","no"
"2392","no","no"
"2395","no","no"
"2403","no","no"
"2407","no","no"
"2410","no","no"
"2413","no","no"
"2414","no","no"
"2416","no","no"
"2417","no","no"
"2419","no","no"
"2420","no","no"
"2423","no","no"
"2424","no","no"
"2426","no","no"
"2428","no","no"
"2429","no","no"
"2436","no","no"
"2438","no","no"
"2440","no","no"
"2445","no","no"
"2446","no","no"
"2447","no","no"
"2448","no","no"
"2456","no","no"
"2459","yes","no"
"2461","no","no"
"2464","no","no"
"2466","yes","no"
"2468","no","no"
"2472","no","no"
"2473","no","no"
"2475","no","no"
"2476","no","no"
"2478","no","no"
"2479","no","no"
"2485","no","no"
"2486","no","no"
"2487","no","no"
"2491","no","no"
"2494","no","no"
"2498","no","no"
"2502","no","no"
"2504","no","no"
"2509","no","no"
"2514","no","no"
"2517","no","no"
"2519","no","no"
"2520","no","no"
"2524","no","no"
"2526","no","no"
"2532","no","no"
"2534","no","no"
"2537","no","no"
"2540","no","no"
"2541","no","no"
"2545","no","no"
"2546","no","no"
"2547","yes","no"
"2549","no","no"
"2550","no","no"
"2553","yes","no"
"2554","no","no"
"2555","no","no"
"2556","no","no"
"2559","no","no"
"2561","no","no"
"2570","no","no"
"2571","no","no"
"2574","no","no"
"2575","yes","no"
"2578","no","no"
"2581","no","no"
"2583","no","no"
"2584","no","no"
"2588","no","no"
"2592","no","no"
"2597","no","no"
"2599","no","no"
"2601","no","no"
"2605","no","no"
"2606","no","no"
"2607","no","no"
"2614","no","no"
"2615","no","no"
"2616","no","no"
"2622","no","no"
"2624","no","no"
"2628","no","no"
"2635","no","no"
"2639","no","no"
"2648","no","no"
"2650","no","no"
"2655","no","no"
"2656","no","no"
"2657","no","no"
"2659","no","no"
"2660","no","no"
"2661","no","no"
"2663","no","no"
"2664","no","no"
"2666","no","no"
"2670","no","no"
"2674","no","no"
"2675","no","no"
"2676","no","no"
"2677","no","no"
"2680","no","no"
"2682","no","no"
"2683","no","no"
"2689","no","no"
"2690","no","no"
"2694","no","no"
"2701","no","no"
"2702","no","no"
"2704","no","no"
"2705","no","no"
"2707","no","no"
"2708","no","no"
"2709","no","no"
"2712","no","no"
"2714","no","no"
"2724","no","no"
"2726","no","no"
"2730","no","no"
"2731","no","no"
"2732","yes","no"
"2735","no","no"
"2744","no","no"
"2745","no","no"
"2748","no","no"
"2749","yes","no"
"2750","no","no"
"2752","no","no"
"2753","no","no"
"2759","no","no"
"2760","no","no"
"2763","no","no"
"2767","no","no"
"2769","no","no"
"2775","no","no"
"2776","no","no"
"2777","no","no"
"2780","no","no"
"2781","yes","no"
"2782","no","no"
"2786","no","no"
"2787","no","no"
"2788","no","no"
"2797","no","no"
"2798","no","no"
"2802","no","no"
"2805","no","no"
"2806","no","no"
"2815","no","no"
"2816","no","no"
"2817","no","no"
"2818","no","no"
"2823","no","no"
"2828","no","no"
"2840","no","no"
"2841","no","no"
"2844","no","no"
"2846","no","no"
"2851","no","no"
"2863","yes","no"
"2869","no","no"
"2876","no","no"
"2879","no","no"
"2882","yes","no"
"2889","no","no"
"2891","no","no"
"2893","no","no"
"2900","no","no"
"2902","no","no"
"2911","no","no"
"2913","no","no"
"2919","no","no"
"2924","no","no"
"2926","no","no"
"2927","no","no"
"2928","no","no"
"2929","no","no"
"2939","no","no"
"2944","no","no"
"2945","no","no"
"2946","no","no"
"2948","no","no"
"2950","yes","no"
"2959","no","no"
"2962","no","no"
"2964","no","no"
"2965","no","no"
"2968","no","no"
"2970","yes","no"
"2971","no","no"
"2972","no","no"
"2978","no","no"
"2979","no","no"
"2987","no","no"
"2989","no","no"
"2992","no","no"
"2996","no","no"
"3004","no","no"
"3016","no","no"
"3017","no","no"
"3019","no","no"
"3020","no","no"
"3022","no","no"
"3024","no","no"
"3025","no","no"
"3034","no","no"
"3039","yes","no"
"3040","no","no"
"3043","no","no"
"3050","no","no"
"3057","no","no"
"3060","yes","no"
"3071","no","no"
"3076","no","no"
"3079","no","no"
"3080","no","no"
"3082","no","no"
"3089","no","no"
"3090","no","no"
"3094","no","no"
"3095","no","no"
"3097","no","no"
"3098","no","no"
"3102","no","no"
"3106","no","no"
"3110","no","no"
"3113","no","no"
"3114","no","no"
"3117","no","no"
"3124","no","no"
"3125","no","no"
"3127","no","no"
"3133","no","no"
"3136","no","no"
"3138","no","no"
"3139","no","no"
"3140","no","no"
"3141","no","no"
"3142","no","no"
"3146","no","no"
"3154","no","no"
"3158","no","no"
"3159","no","no"
"3162","no","no"
"3164","no","no"
"3167","no","no"
"3177","no","no"
"3181","no","no"
"3185","no","no"
"3190","no","no"
"3193","no","no"
"3194","no","no"
"3199","no","no"
"3204","no","no"
"3205","no","no"
"3207","no","no"
"3210","no","no"
"3212","no","no"
"3214","no","no"
"3216","no","no"
"3221","no","no"
"3223","no","no"
"3225","no","no"
"3231","no","no"
"3239","no","no"
"3244","no","no"
"3247","yes","no"
"3251","no","no"
"3258","no","no"
"3263","no","no"
"3264","no","no"
"3265","no","no"
"3267","no","no"
"3271","no","no"
"3273","no","no"
"3276","no","no"
"3279","no","no"
"3280","no","no"
"3286","no","no"
"3290","no","no"
"3294","no","no"
"3299","no","no"
"3304","no","no"
"3311","no","no"
"3316","no","no"
"3322","no","no"
"3329","no","no"
"3333","no","no"
"3334","no","no"
"3335","no","no"
"3339","no","no"
"3345","no","no"
"3346","yes","no"
"3348","no","no"
"3353","no","no"
"3355","no","no"
"3365","yes","no"
"3366","no","no"
"3368","no","no"
"3375","no","no"
"3382","no","no"
"3383","no","no"
"3384","no","no"
"3386","no","no"
"3391","no","no"
"3392","no","no"
"3393","no","no"
"3396","no","no"
"3398","no","no"
"3400","no","no"
"3402","no","no"
"3403","no","no"
"3404","no","no"
"3405","no","no"
"3406","no","no"
"3409","no","no"
"3413","no","no"
"3424","no","no"
"3433","no","no"
"3435","no","no"
"3438","no","no"
"3441","no","no"
"3449","no","no"
"3452","no","no"
"3454","no","no"
"3467","no","no"
"3475","no","no"
"3479","no","no"
"3480","no","no"
"3481","no","no"
"3482","no","no"
"3487","no","no"
"3489","no","no"
"3497","no","no"
"3498","no","no"
"3499","no","no"
"3500","no","no"
"3506","no","no"
"3512","no","no"
"3520","no","no"
"3525","no","no"
"3527","no","no"
"3529","no","no"
"3532","no","no"
"3537","yes","no"
"3539","no","no"
"3545","no","no"
"3546","no","no"
"3550","no","no"
"3553","no","no"
"3554","no","no"
"3559","no","no"
"3571","no","no"
"3573","no","no"
"3577","no","no"
"3578","no","no"
"3579","no","no"
"3581","no","no"
"3585","no","no"
"3587","no","no"
"3588","no","no"
"3589","no","no"
"3593","no","no"
"3594","no","no"
"3595","yes","no"
"3601","no","no"
"3602","no","no"
"3603","no","no"
"3609","no","no"
"3611","no","no"
"3614","no","no"
"3616","no","no"
"3617","no","no"
"3618","yes","no"
"3619","no","no"
"3624","no","no"
"3628","yes","no"
"3630","yes","no"
"3632","no","no"
"3637","no","no"
"3638","no","no"
"3639","no","no"
"3640","no","no"
"3643","no","no"
"3644","no","no"
"3646","no","no"
"3647","no","no"
"3657","no","no"
"3658","no","no"
"3666","no","no"
"3667","no","no"
"3668","no","no"
"3671","no","no"
"3681","no","no"
"3683","no","no"
"3687","no","no"
"3688","no","no"
"3690","no","no"
"3695","no","no"
"3700","no","no"
"3701","no","no"
"3702","no","no"
"3704","no","no"
"3708","no","no"
"3710","no","no"
"3712","no","no"
"3722","no","no"
"3723","no","no"
"3725","no","no"
"3731","no","no"
"3735","no","no"
"3736","no","no"
"3739","no","no"
"3741","no","no"
"3743","no","no"
"3744","no","no"
"3751","no","no"
"3754","no","no"
"3755","no","no"
"3756","no","no"
"3757","no","no"
"3760","no","no"
"3762","no","no"
"3764","no","no"
"3771","no","no"
"3772","no","no"
"3773","no","no"
"3774","no","no"
"3775","no","no"
"3776","no","no"
"3782","no","no"
"3786","no","no"
"3787","no","no"
"3789","no","no"
"3792","no","no"
"3796","no","no"
"3798","no","no"
"3802","no","no"
"3803","no","no"
"3813","no","no"
"3815","no","no"
"3817","no","no"
"3818","no","no"
"3823","no","no"
"3825","no","no"
"3831","no","no"
"3839","no","no"
"3841","no","no"
"3842","no","no"
"3844","yes","no"
"3847","no","no"
"3849","no","no"
"3851","no","no"
"3852","yes","no"
"3853","no","no"
"3854","no","no"
"3855","no","no"
"3856","no","no"
"3858","no","no"
"3862","no","no"
"3865","no","no"
"3866","no","no"
"3868","no","no"
"3875","no","no"
"3878","no","no"
"3880","no","no"
"3882","no","no"
"3890","no","no"
"3895","no","no"
"3897","no","no"
"3899","no","no"
"3919","no","no"
"3923","no","no"
"3928","no","no"
"3932","no","no"
"3939","no","no"
"3953","no","no"
"3958","no","no"
"3959","no","no"
"3960","no","no"
"3961","no","no"
"3968","no","no"
"3971","no","no"
"3978","no","no"
"3979","no","no"
"3992","no","no"
"3993","no","no"
"3996","no","no"
"4000","no","no"
"4006","no","no"
"4007","no","no"
"4009","no","no"
"4015","no","no"
"4018","no","no"
"4024","yes","no"
"4026","yes","no"
"4029","no","no"
"4032","no","no"
"4033","no","no"
"4036","no","no"
"4037","no","no"
"4041","no","no"
"4044","no","no"
"4045","no","no"
"4046","no","no"
"4047","no","no"
"4052","yes","no"
"4053","no","no"
"4056","no","no"
"4059","no","no"
"4064","no","no"
"4065","no","no"
"4069","no","no"
"4070","no","no"
"4071","no","no"
"4076","no","no"
"4078","no","no"
"4079","no","no"
"4080","no","no"
"4082","no","no"
"4083","no","no"
"4086","no","no"
"4089","no","no"
"4092","no","no"
"4094","no","no"
"4097","no","no"
"4101","no","no"
"4102","no","no"
"4105","no","no"
"4107","no","no"
"4113","no","no"
"4117","no","no"
"4121","no","no"
"4124","no","no"
"4125","no","no"
"4134","no","no"
"4145","no","no"
"4150","no","no"
"4152","no","no"
"4153","yes","no"
"4159","no","no"
"4160","no","no"
"4162","no","no"
"4168","yes","no"
"4169","no","no"
"4176","no","no"
"4180","no","no"
"4186","no","no"
"4187","no","no"
"4194","no","no"
"4196","no","no"
"4200","no","no"
"4206","no","no"
"4210","no","no"
"4214","yes","no"
"4217","yes","no"
"4221","no","no"
"4228","no","no"
"4233","no","no"
"4235","no","no"
"4238","no","no"
"4239","no","no"
"4241","no","no"
"4247","no","no"
"4249","no","no"
"4254","no","no"
"4257","no","no"
"4262","no","no"
"4264","yes","no"
"4277","no","no"
"4286","no","no"
"4292","no","no"
"4311","no","no"
"4321","no","no"
"4323","no","no"
"4326","no","no"
"4330","no","no"
"4331","no","no"
"4332","no","no"
"4335","no","no"
"4336","no","no"
"4337","no","no"
"4340","no","no"
"4343","no","no"
"4346","no","no"
"4348","yes","no"
"4358","no","no"
"4361","no","no"
"4364","no","no"
"4365","no","no"
"4372","yes","no"
"4373","no","no"
"4376","no","no"
"4377","no","no"
"4379","no","no"
"4384","no","no"
"4386","no","no"
"4390","no","no"
"4392","no","no"
"4395","no","no"
"4402","no","no"
"4404","no","no"
"4406","no","no"
"4418","no","no"
"4419","no","no"
"4421","no","no"
"4423","no","no"
"4424","no","no"
"4425","no","no"
"4427","no","no"
"4434","no","no"
"4438","no","no"
"4446","no","no"
"4450","no","no"
"4452","no","no"
"4454","no","no"
"4457","no","no"
"4463","no","no"
"4464","no","no"
"4471","no","no"
"4473","no","no"
"4474","yes","no"
"4478","no","no"
"4483","no","no"
"4486","no","no"
"4490","no","no"
"4492","yes","no"
"4493","no","no"
"4499","no","no"
"4502","no","no"
"4506","no","no"
"4510","no","no"
"4511","no","no"
"4513","no","no"
"4518","no","no"
"4519","no","no"
"4524","no","no"
"4529","no","no"
"4532","no","no"
"4537","no","no"
"4542","no","no"
"4543","no","no"
"4546","no","no"
"4554","no","no"
"4555","no","no"
"4561","no","no"
"4568","no","no"
"4569","no","no"
"4570","no","no"
"4572","no","no"
"4575","no","no"
"4576","no","no"
"4577","no","no"
"4579","no","no"
"4581","no","no"
"4582","no","no"
"4583","no","no"
"4594","no","no"
"4596","no","no"
"4602","yes","no"
"4603","no","no"
"4605","no","no"
"4611","no","no"
"4612","no","no"
"4613","no","no"
"4615","no","no"
"4617","no","no"
"4623","no","no"
"4628","no","no"
"4632","no","no"
"4633","no","no"
"4638","no","no"
"4642","no","no"
"4643","no","no"
"4652","no","no"
"4656","no","no"
"4668","no","no"
"4670","no","no"
"4672","no","no"
"4674","no","no"
"4677","no","no"
"4680","no","no"
"4681","no","no"
"4682","no","no"
"4686","no","no"
"4689","no","no"
"4690","no","no"
"4693","no","no"
"4694","no","no"
"4695","no","no"
"4697","no","no"
"4700","no","no"
"4702","no","no"
"4703","no","no"
"4708","no","no"
"4711","no","no"
"4712","no","no"
"4715","no","no"
"4716","no","no"
"4719","no","no"
"4724","no","no"
"4725","no","no"
"4726","no","no"
"4732","no","no"
"4733","no","no"
"4735","no","no"
"4738","no","no"
"4741","no","no"
"4742","no","no"
"4743","no","no"
"4746","no","no"
"4749","no","no"
"4755","no","no"
"4761","no","no"
"4765","no","no"
"4766","no","no"
"4772","no","no"
"4777","no","no"
"4782","no","no"
"4785","yes","no"
"4789","no","no"
"4790","no","no"
"4793","no","no"
"4795","yes","no"
"4796","no","no"
"4798","no","no"
"4799","yes","no"
"4804","yes","no"
"4806","no","no"
"4809","no","no"
"4819","no","no"
"4820","no","no"
"4821","no","no"
"4825","no","no"
"4828","no","no"
"4833","no","no"
"4834","yes","no"
"4836","no","no"
"4854","no","no"
"4859","no","no"
"4861","no","no"
"4862","no","no"
"4863","no","no"
"4864","no","no"
"4865","no","no"
"4870","no","no"
"4871","no","no"
"4872","no","no"
"4874","no","no"
"4877","no","no"
"4880","no","no"
"4882","no","no"
"4883","no","no"
"4886","no","no"
"4891","yes","no"
"4892","no","no"
"4893","no","no"
"4895","no","no"
"4904","no","no"
"4905","no","no"
"4906","no","no"
"4908","no","no"
"4909","no","no"
"4910","no","no"
"4916","no","no"
"4919","no","no"
"4926","no","no"
"4927","no","no"
"4928","no","no"
"4931","no","no"
"4936","no","no"
"4955","no","no"
"4961","no","no"
"4966","no","no"
"4967","no","no"
"4968","no","no"
"4971","no","no"
"4977","no","no"
"4984","yes","no"
"4986","no","no"
"4987","no","no"
"4988","no","no"
"4989","no","no"
"4999","no","no"
"5003","no","no"
"5007","no","no"
"5011","no","no"
"5012","no","no"
"5014","no","no"
"5017","no","no"
"5020","no","no"
"5022","no","no"
"5027","no","no"
"5030","no","no"
"5037","no","no"
"5038","no","no"
"5044","no","no"
"5045","no","no"
"5050","no","no"
"5051","no","no"
"5052","no","no"
"5060","no","no"
"5064","yes","no"
"5068","no","no"
"5069","no","no"
"5071","no","no"
"5073","no","no"
"5074","no","no"
"5076","no","no"
"5077","no","no"
"5085","no","no"
"5089","no","no"
"5090","no","no"
"5092","no","no"
"5095","no","no"
"5096","no","no"
"5098","no","no"
"5100","no","no"
"5105","no","no"
"5108","no","no"
"5115","no","no"
"5116","no","no"
"5120","no","no"
"5126","no","no"
"5132","no","no"
"5136","no","no"
"5137","yes","no"
"5138","no","no"
"5139","no","no"
"5140","no","no"
"5141","no","no"
"5143","yes","no"
"5145","no","no"
"5146","no","no"
"5147","no","no"
"5148","no","no"
"5151","no","no"
"5159","no","no"
"5161","no","no"
"5165","no","no"
"5167","no","no"
"5168","no","no"
"5169","no","no"
"5171","no","no"
"5175","no","no"
"5181","no","no"
"5182","no","no"
"5189","no","no"
"5192","no","no"
"5194","no","no"
"5196","no","no"
"5202","no","no"
"5206","no","no"
"5209","no","no"
"5213","no","no"
"5216","no","no"
"5217","no","no"
"5222","no","no"
"5223","no","no"
"5227","no","no"
"5233","no","no"
"5236","no","no"
"5238","no","no"
"5241","no","no"
"5246","no","no"
"5250","no","no"
"5267","no","no"
"5272","no","no"
"5273","no","no"
"5274","yes","no"
"5286","no","no"
"5288","no","no"
"5294","no","no"
"5295","yes","no"
"5302","no","no"
"5303","no","no"
"5307","yes","no"
"5309","no","no"
"5313","no","no"
"5315","no","no"
"5317","no","no"
"5319","no","no"
"5320","no","no"
"5322","no","no"
"5323","no","no"
"5331","no","no"
"5334","no","no"
"5340","no","no"
"5345","no","no"
"5346","no","no"
"5347","no","no"
"5349","no","no"
"5350","no","no"
"5354","no","no"
"5361","no","no"
"5367","no","no"
"5370","no","no"
"5375","no","no"
"5376","no","no"
"5378","no","no"
"5381","no","no"
"5388","no","no"
"5389","no","no"
"5390","no","no"
"5394","no","no"
"5401","no","no"
"5406","no","no"
"5410","no","no"
"5411","no","no"
"5414","no","no"
"5415","no","no"
"5419","no","no"
"5421","no","no"
"5425","no","no"
"5431","no","no"
"5432","no","no"
"5433","no","no"
"5435","no","no"
"5436","no","no"
"5438","no","no"
"5442","no","no"
"5451","no","no"
"5454","no","no"
"5455","no","no"
"5464","no","no"
"5468","no","no"
"5469","no","no"
"5471","no","no"
"5474","no","no"
"5477","no","no"
"5482","no","no"
"5489","no","no"
"5493","no","no"
"5496","no","no"
"5498","no","no"
"5515","no","no"
"5516","no","no"
"5517","no","no"
"5518","no","no"
"5520","no","no"
"5521","no","no"
"5524","no","no"
"5529","no","no"
"5533","no","no"
"5537","no","no"
"5548","no","no"
"5549","yes","no"
"5554","no","no"
"5555","no","no"
"5561","no","no"
"5562","no","no"
"5567","no","no"
"5568","no","no"
"5572","no","no"
"5573","no","no"
"5575","no","no"
"5579","no","no"
"5580","no","no"
"5583","no","no"
"5585","yes","no"
"5587","no","no"
"5589","no","no"
"5593","no","no"
"5594","no","no"
"5596","no","no"
"5599","no","no"
"5601","yes","no"
"5603","no","no"
"5605","yes","no"
"5606","no","no"
"5608","no","no"
"5609","no","no"
"5610","no","no"
"5614","no","no"
"5615","no","no"
"5623","no","no"
"5629","no","no"
"5631","no","no"
"5632","no","no"
"5640","no","no"
"5644","no","no"
"5647","no","no"
"5649","no","no"
"5652","yes","no"
"5655","no","no"
"5656","yes","no"
"5659","no","no"
"5663","no","no"
"5665","no","no"
"5670","no","no"
"5679","no","no"
"5683","no","no"
"5691","yes","no"
"5693","no","no"
"5697","no","no"
"5711","no","no"
"5713","no","no"
"5716","no","no"
"5718","no","no"
"5724","no","no"
"5728","no","no"
"5731","no","no"
"5732","no","no"
"5737","no","no"
"5738","no","no"
"5740","no","no"
"5746","no","no"
"5748","no","no"
"5749","no","no"
"5750","no","no"
"5755","no","no"
"5760","no","no"
"5763","no","no"
"5768","no","no"
"5778","no","no"
"5781","no","no"
"5784","no","no"
"5791","no","no"
"5794","no","no"
"5796","yes","no"
"5797","no","no"
"5804","no","no"
"5816","no","no"
"5828","no","no"
"5829","no","no"
"5831","yes","no"
"5832","no","no"
"5839","no","no"
"5840","no","no"
"5842","no","no"
"5843","no","no"
"5844","no","no"
"5847","no","no"
"5848","no","no"
"5850","yes","no"
"5851","no","no"
"5854","no","no"
"5855","no","no"
"5856","no","no"
"5857","no","no"
"5861","no","no"
"5872","no","no"
"5873","no","no"
"5875","no","no"
"5879","no","no"
"5881","no","no"
"5884","no","no"
"5885","no","no"
"5890","yes","no"
"5894","no","no"
"5907","no","no"
"5913","no","no"
"5915","no","no"
"5916","no","no"
"5920","no","no"
"5924","yes","no"
"5930","no","no"
"5934","no","no"
"5938","no","no"
"5940","no","no"
"5942","no","no"
"5943","no","no"
"5949","no","no"
"5960","no","no"
"5967","no","no"
"5968","yes","no"
"5976","no","no"
"5979","no","no"
"5981","no","no"
"5983","no","no"
"5985","no","no"
"5990","no","no"
"5991","no","no"
"6019","no","no"
"6021","no","no"
"6023","no","no"
"6032","yes","no"
"6037","no","no"
"6038","no","no"
"6039","no","no"
"6051","no","no"
"6056","no","no"
"6059","no","no"
"6061","no","no"
"6063","no","no"
"6073","no","no"
"6075","no","no"
"6078","no","no"
"6079","no","no"
"6081","no","no"
"6084","yes","no"
"6086","no","no"
"6087","yes","no"
"6088","no","no"
"6089","no","no"
"6092","no","no"
"6093","no","no"
"6104","no","no"
"6105","no","no"
"6108","no","no"
"6110","no","no"
"6111","no","no"
"6113","yes","no"
"6114","no","no"
"6121","no","no"
"6122","no","no"
"6123","no","no"
"6127","no","no"
"6135","no","no"
"6146","no","no"
"6151","no","no"
"6152","no","no"
"6153","no","no"
"6154","no","no"
"6155","no","no"
"6156","yes","no"
"6160","no","no"
"6162","no","no"
"6164","no","no"
"6168","no","no"
"6172","no","no"
"6177","no","no"
"6184","no","no"
"6185","no","no"
"6186","no","no"
"6188","no","no"
"6190","yes","no"
"6195","no","no"
"6199","no","no"
"6200","no","no"
"6201","yes","no"
"6202","no","no"
"6203","no","no"
"6207","no","no"
"6220","no","no"
"6224","no","no"
"6231","no","no"
"6232","no","no"
"6233","no","no"
"6237","yes","no"
"6238","no","no"
"6239","no","no"
"6241","no","no"
"6250","no","no"
"6251","no","no"
"6255","no","no"
"6266","no","no"
"6268","no","no"
"6274","no","no"
"6278","no","no"
"6279","no","no"
"6280","yes","no"
"6281","no","no"
"6282","no","no"
"6285","no","no"
"6286","no","no"
"6287","no","no"
"6296","no","no"
"6301","no","no"
"6302","no","no"
"6303","no","no"
"6308","no","no"
"6309","no","no"
"6312","no","no"
"6313","no","no"
"6314","yes","no"
"6317","no","no"
"6320","no","no"
"6321","no","no"
"6322","no","no"
"6326","no","no"
"6328","no","no"
"6329","no","no"
"6330","no","no"
"6331","no","no"
"6332","no","no"
"6333","no","no"
"6334","no","no"
"6335","no","no"
"6341","no","no"
"6343","no","no"
"6345","no","no"
"6346","no","no"
"6353","no","no"
"6357","no","no"
"6359","no","no"
"6360","no","no"
"6361","no","no"
"6365","no","no"
"6373","no","no"
"6379","no","no"
"6383","no","no"
"6384","no","no"
"6385","no","no"
"6386","no","no"
"6388","no","no"
"6391","no","no"
"6393","no","no"
"6394","no","no"
"6395","no","no"
"6396","no","no"
"6399","no","no"
"6403","no","no"
"6404","no","no"
"6406","no","no"
"6407","no","no"
"6408","no","no"
"6410","no","no"
"6411","no","no"
"6421","no","no"
"6423","no","no"
"6424","no","no"
"6428","no","no"
"6430","no","no"
"6432","no","no"
"6434","no","no"
"6436","no","no"
"6438","no","no"
"6440","yes","no"
"6444","no","no"
"6445","no","no"
"6449","no","no"
"6454","no","no"
"6460","no","no"
"6464","no","no"
"6470","no","no"
"6472","no","no"
"6474","no","no"
"6476","no","no"
"6477","no","no"
"6484","no","no"
"6485","no","no"
"6486","no","no"
"6488","no","no"
"6490","no","no"
"6493","no","no"
"6494","no","no"
"6496","no","no"
"6499","no","no"
"6503","no","no"
"6504","no","no"
"6505","no","no"
"6506","no","no"
"6507","no","no"
"6509","no","no"
"6512","no","no"
"6513","yes","no"
"6518","no","no"
"6522","no","no"
"6525","no","no"
"6526","no","no"
"6527","no","no"
"6531","no","no"
"6532","no","no"
"6533","no","no"
"6534","no","no"
"6536","no","no"
"6539","no","no"
"6546","no","no"
"6549","no","no"
"6554","no","no"
"6557","no","no"
"6560","no","no"
"6564","no","no"
"6576","no","no"
"6580","no","no"
"6581","no","no"
"6582","no","no"
"6585","yes","no"
"6586","no","no"
"6590","no","no"
"6591","no","no"
"6592","no","no"
"6593","no","no"
"6595","no","no"
"6596","no","no"
"6597","no","no"
"6600","no","no"
"6604","no","no"
"6608","no","no"
"6609","no","no"
"6612","no","no"
"6613","no","no"
"6615","no","no"
"6616","no","no"
"6617","no","no"
"6621","yes","no"
"6623","no","no"
"6624","no","no"
"6628","no","no"
"6630","yes","no"
"6633","no","no"
"6642","no","no"
"6648","no","no"
"6652","no","no"
"6653","yes","no"
"6666","no","no"
"6679","no","no"
"6687","no","no"
"6697","no","no"
"6698","no","no"
"6706","no","no"
"6716","no","no"
"6720","no","no"
"6723","no","no"
"6725","no","no"
"6728","no","no"
"6729","no","no"
"6733","no","no"
"6734","no","no"
"6739","no","no"
"6740","no","no"
"6749","no","no"
"6754","no","no"
"6755","no","no"
"6760","no","no"
"6763","no","no"
"6764","no","no"
"6766","no","no"
"6767","no","no"
"6771","no","no"
"6778","no","no"
"6779","no","no"
"6782","no","no"
"6788","no","no"
"6789","no","no"
"6794","no","no"
"6797","no","no"
"6799","no","no"
"6802","no","no"
"6803","no","no"
"6804","yes","no"
"6815","no","no"
"6827","no","no"
"6828","no","no"
"6843","no","no"
"6846","no","no"
"6850","no","no"
"6851","no","no"
"6853","no","no"
"6855","no","no"
"6856","no","no"
"6859","no","no"
"6867","no","no"
"6869","no","no"
"6873","no","no"
"6876","no","no"
"6883","no","no"
"6887","no","no"
"6892","no","no"
"6894","no","no"
"6902","no","no"
"6907","no","no"
"6911","no","no"
"6912","no","no"
"6913","no","no"
"6916","no","no"
"6917","no","no"
"6932","no","no"
"6933","no","no"
"6935","no","no"
"6936","no","no"
"6940","no","no"
"6942","no","no"
"6944","no","no"
"6945","no","no"
"6946","no","no"
"6947","no","no"
"6948","no","no"
"6950","no","no"
"6953","no","no"
"6957","no","no"
"6964","no","no"
"6969","no","no"
"6975","no","no"
"6979","no","no"
"6986","no","no"
"6991","no","no"
"7002","no","no"
"7003","no","no"
"7007","no","no"
"7011","no","no"
"7016","no","no"
"7018","no","no"
"7021","no","no"
"7027","no","no"
"7030","no","no"
"7036","no","no"
"7042","no","no"
"7043","no","no"
"7046","no","no"
"7050","no","no"
"7051","no","no"
"7053","no","no"
"7059","no","no"
"7063","no","no"
"7065","no","no"
"7070","no","no"
"7073","no","no"
"7074","no","no"
"7078","no","no"
"7079","no","no"
"7089","no","no"
"7090","no","no"
"7099","no","no"
"7106","no","no"
"7109","no","no"
"7112","no","no"
"7114","no","no"
"7120","no","no"
"7123","no","no"
"7130","no","no"
"7132","no","no"
"7133","no","no"
"7137","no","no"
"7138","no","no"
"7141","no","no"
"7143","no","no"
"7144","no","no"
"7146","no","no"
"7148","yes","no"
"7149","no","no"
"7151","no","no"
"7155","no","no"
"7164","no","no"
"7165","no","no"
"7166","no","no"
"7172","no","no"
"7175","no","no"
"7176","no","no"
"7177","no","no"
"7178","no","no"
"7180","no","no"
"7182","no","no"
"7184","no","no"
"7185","yes","no"
"7186","no","no"
"7187","no","no"
"7188","no","no"
"7192","yes","no"
"7193","no","no"
"7195","no","no"
"7197","no","no"
"7203","no","no"
"7214","no","no"
"7216","no","no"
"7217","no","no"
"7218","no","no"
"7220","no","no"
"7222","no","no"
"7229","no","no"
"7230","no","no"
"7231","no","no"
"7232","no","no"
"7233","no","no"
"7243","no","no"
"7250","no","no"
"7253","no","no"
"7258","no","no"
"7266","no","no"
"7271","no","no"
"7272","no","no"
"7278","no","no"
"7281","no","no"
"7282","no","no"
"7283","yes","no"
"7285","no","no"
"7289","no","no"
"7294","no","no"
"7295","no","no"
"7300","no","no"
"7304","no","no"
"7306","no","no"
"7307","no","no"
"7308","no","no"
"7309","no","no"
"7310","no","no"
"7322","no","no"
"7326","no","no"
"7330","no","no"
"7333","no","no"
"7338","no","no"
"7339","no","no"
"7340","no","no"
"7348","no","no"
"7352","yes","no"
"7354","no","no"
"7357","no","no"
"7360","no","no"
"7368","no","no"
"7369","no","no"
"7377","no","no"
"7378","no","no"
"7382","no","no"
"7384","no","no"
"7389","no","no"
"7390","no","no"
"7391","no","no"
"7394","no","no"
"7396","no","no"
"7399","no","no"
"7402","no","no"
"7415","no","no"
"7417","no","no"
"7421","no","no"
"7425","no","no"
"7427","no","no"
"7434","yes","no"
"7440","no","no"
"7443","no","no"
"7451","no","no"
"7453","no","no"
"7460","no","no"
"7465","no","no"
"7467","no","no"
"7475","no","no"
"7477","no","no"
"7481","no","no"
"7492","no","no"
"7496","no","no"
"7502","no","no"
"7505","no","no"
"7509","no","no"
"7511","no","no"
"7514","no","no"
"7518","no","no"
"7519","no","no"
"7520","no","no"
"7526","no","no"
"7527","no","no"
"7530","no","no"
"7535","no","no"
"7543","no","no"
"7548","no","no"
"7549","no","no"
"7552","no","no"
"7554","no","no"
"7555","no","no"
"7557","no","no"
"7560","no","no"
"7564","no","no"
"7565","no","no"
"7568","no","no"
"7579","no","no"
"7581","no","no"
"7582","no","no"
"7584","no","no"
"7590","no","no"
"7592","no","no"
"7594","no","no"
"7595","no","no"
"7596","no","no"
"7597","no","no"
"7602","no","no"
"7604","no","no"
"7608","no","no"
"7614","no","no"
"7620","no","no"
"7621","no","no"
"7623","no","no"
"7626","no","no"
"7629","no","no"
"7630","no","no"
"7631","no","no"
"7634","no","no"
"7636","no","no"
"7640","no","no"
"7641","no","no"
"7643","no","no"
"7644","no","no"
"7649","no","no"
"7650","no","no"
"7651","no","no"
"7653","no","no"
"7656","no","no"
"7664","no","no"
"7665","no","no"
"7668","no","no"
"7670","no","no"
"7672","no","no"
"7675","no","no"
"7676","no","no"
"7683","no","no"
"7686","no","no"
"7693","no","no"
"7704","yes","no"
"7705","no","no"
"7706","no","no"
"7708","no","no"
"7711","no","no"
"7713","no","no"
"7716","yes","no"
"7718","yes","no"
"7719","no","no"
"7721","no","no"
"7724","no","no"
"7725","no","no"
"7726","no","no"
"7737","no","no"
"7741","no","no"
"7750","no","no"
"7751","no","no"
"7752","yes","no"
"7754","no","no"
"7757","no","no"
"7759","no","no"
"7761","no","no"
"7765","no","no"
"7770","no","no"
"7771","no","no"
"7772","yes","no"
"7778","no","no"
"7780","no","no"
"7787","no","no"
"7791","yes","no"
"7792","no","no"
"7797","no","no"
"7798","no","no"
"7801","no","no"
"7805","no","no"
"7807","no","no"
"7809","no","no"
"7811","no","no"
"7814","no","no"
"7818","no","no"
"7819","no","no"
"7833","no","no"
"7835","no","no"
"7837","no","no"
"7838","yes","no"
"7839","no","no"
"7842","yes","no"
"7844","no","no"
"7856","no","no"
"7857","no","no"
"7860","no","no"
"7866","no","no"
"7873","no","no"
"7875","no","no"
"7876","no","no"
"7880","no","no"
"7887","no","no"
"7893","no","no"
"7899","no","no"
"7907","no","no"
"7908","no","no"
"7910","no","no"
"7915","no","no"
"7924","no","no"
"7928","no","no"
"7934","no","no"
"7939","no","no"
"7941","no","no"
"7942","no","no"
"7943","no","no"
"7947","no","no"
"7951","no","no"
"7953","no","no"
"7960","no","no"
"7961","no","no"
"7962","no","no"
"7964","no","no"
"7967","no","no"
"7972","no","no"
"7974","no","no"
"7975","no","no"
"7986","no","no"
"7992","no","no"
"7998","no","no"
"8001","no","no"
"8005","no","no"
"8008","no","no"
"8014","no","no"
"8015","no","no"
"8016","no","no"
"8020","no","no"
"8021","no","no"
"8023","no","no"
"8026","no","no"
"8028","no","no"
"8031","no","no"
"8033","no","no"
"8038","no","no"
"8050","no","no"
"8051","no","no"
"8063","yes","no"
"8065","no","no"
"8067","no","no"
"8069","no","no"
"8080","no","no"
"8084","no","no"
"8085","no","no"
"8088","no","no"
"8090","no","no"
"8095","no","no"
"8096","no","no"
"8098","no","no"
"8101","no","no"
"8105","no","no"
"8108","no","no"
"8113","no","no"
"8120","yes","no"
"8121","no","no"
"8122","no","no"
"8127","no","no"
"8130","no","no"
"8134","no","no"
"8135","no","no"
"8138","no","no"
"8145","no","no"
"8148","no","no"
"8151","no","no"
"8156","no","no"
"8163","no","no"
"8169","no","no"
"8172","no","no"
"8173","no","no"
"8174","no","no"
"8178","no","no"
"8183","no","no"
"8190","no","no"
"8194","yes","no"
"8197","no","no"
"8200","no","no"
"8202","no","no"
"8204","no","no"
"8206","no","no"
"8212","no","no"
"8215","no","no"
"8217","no","no"
"8218","no","no"
"8220","no","no"
"8221","no","no"
"8225","no","no"
"8232","yes","no"
"8235","no","no"
"8238","no","no"
"8240","no","no"
"8241","no","no"
"8245","no","no"
"8247","no","no"
"8252","no","no"
"8258","no","no"
"8259","no","no"
"8262","no","no"
"8269","no","no"
"8275","no","no"
"8277","no","no"
"8280","no","no"
"8281","no","no"
"8285","no","no"
"8289","no","no"
"8292","no","no"
"8293","no","no"
"8296","no","no"
"8299","no","no"
"8302","no","no"
"8304","no","no"
"8311","no","no"
"8312","no","no"
"8326","no","no"
"8328","no","no"
"8329","no","no"
"8330","no","no"
"8331","no","no"
"8332","no","no"
"8334","no","no"
"8339","no","no"
"8341","no","no"
"8347","no","no"
"8349","no","no"
"8353","no","no"
"8358","no","no"
"8360","no","no"
"8362","no","no"
"8364","yes","no"
"8368","no","no"
"8374","no","no"
"8377","no","no"
"8379","no","no"
"8380","no","no"
"8382","no","no"
"8386","no","no"
"8387","no","no"
"8409","no","no"
"8414","no","no"
"8420","no","no"
"8426","no","no"
"8429","no","no"
"8430","no","no"
"8431","no","no"
"8435","no","no"
"8436","no","no"
"8437","no","no"
"8440","no","no"
"8446","no","no"
"8449","no","no"
"8451","no","no"
"8452","no","no"
"8455","no","no"
"8461","no","no"
"8462","no","no"
"8463","no","no"
"8468","no","no"
"8470","no","no"
"8471","no","no"
"8472","no","no"
"8474","no","no"
"8482","no","no"
"8483","no","no"
"8484","no","no"
"8485","no","no"
"8488","no","no"
"8492","no","no"
"8493","no","no"
"8496","no","no"
"8502","no","no"
"8507","yes","no"
"8508","no","no"
"8510","no","no"
"8516","no","no"
"8525","yes","no"
"8526","no","no"
"8529","no","no"
"8531","no","no"
"8534","no","no"
"8535","no","no"
"8538","no","no"
"8541","no","no"
"8546","no","no"
"8553","yes","no"
"8554","no","no"
"8560","no","no"
"8565","no","no"
"8566","no","no"
"8571","no","no"
"8573","no","no"
"8574","no","no"
"8577","no","no"
"8578","no","no"
"8588","no","no"
"8589","no","no"
"8594","no","no"
"8598","no","no"
"8601","no","no"
"8602","no","no"
"8603","no","no"
"8609","no","no"
"8615","no","no"
"8617","no","no"
"8618","no","no"
"8621","no","no"
"8622","no","no"
"8624","no","no"
"8627","no","no"
"8628","no","no"
"8631","no","no"
"8636","no","no"
"8640","no","no"
"8645","no","no"
"8651","no","no"
"8653","no","no"
"8659","no","no"
"8660","no","no"
"8661","no","no"
"8674","no","no"
"8676","yes","no"
"8679","yes","no"
"8680","no","no"
"8692","no","no"
"8706","no","no"
"8707","no","no"
"8710","no","no"
"8716","no","no"
"8718","no","no"
"8724","no","no"
"8732","no","no"
"8733","no","no"
"8738","no","no"
"8746","no","no"
"8747","no","no"
"8748","no","no"
"8752","yes","no"
"8753","no","no"
"8754","yes","no"
"8758","no","no"
"8759","no","no"
"8763","no","no"
"8765","no","no"
"8766","no","no"
"8767","no","no"
"8771","no","no"
"8775","no","no"
"8776","no","no"
"8781","no","no"
"8784","no","no"
"8787","no","no"
"8794","no","no"
"8795","no","no"
"8797","no","no"
"8800","no","no"
"8803","no","no"
"8806","no","no"
"8807","yes","no"
"8808","no","no"
"8814","no","no"
"8817","no","no"
"8818","no","no"
"8819","no","no"
"8820","no","no"
"8822","no","no"
"8825","no","no"
"8826","no","no"
"8829","no","no"
"8830","no","no"
"8831","no","no"
"8832","no","no"
"8834","no","no"
"8835","no","no"
"8836","no","no"
"8837","no","no"
"8838","no","no"
"8841","no","no"
"8842","no","no"
"8843","no","no"
"8844","no","no"
"8848","no","no"
"8849","no","no"
"8855","no","no"
"8861","no","no"
"8862","no","no"
"8863","yes","no"
"8864","no","no"
"8868","yes","no"
"8869","no","no"
"8870","no","no"
"8874","no","no"
"8876","no","no"
"8881","no","no"
"8890","no","no"
"8894","yes","no"
"8895","no","no"
"8899","no","no"
"8900","no","no"
"8902","no","no"
"8904","no","no"
"8906","no","no"
"8907","no","no"
"8917","no","no"
"8919","no","no"
"8924","no","no"
"8925","no","no"
"8926","no","no"
"8928","no","no"
"8930","no","no"
"8931","no","no"
"8933","no","no"
"8936","no","no"
"8942","no","no"
"8948","no","no"
"8961","no","no"
"8963","no","no"
"8967","no","no"
"8972","no","no"
"8976","no","no"
"8979","no","no"
"8982","no","no"
"8988","no","no"
"8992","no","no"
"8993","no","no"
"8994","no","no"
"8997","no","no"
"8998","no","no"
"9001","no","no"
"9014","yes","no"
"9016","no","no"
"9025","no","no"
"9027","no","no"
"9028","no","no"
"9029","no","no"
"9031","no","no"
"9038","yes","no"
"9039","no","no"
"9045","no","no"
"9048","no","no"
"9049","no","no"
"9050","no","no"
"9052","no","no"
"9053","no","no"
"9054","no","no"
"9057","no","no"
"9067","no","no"
"9069","no","no"
"9070","yes","no"
"9078","no","no"
"9080","no","no"
"9081","no","no"
"9082","no","no"
"9088","no","no"
"9094","no","no"
"9097","no","no"
"9100","no","no"
"9103","no","no"
"9106","no","no"
"9108","no","no"
"9114","no","no"
"9116","no","no"
"9118","no","no"
"9119","no","no"
"9121","no","no"
"9124","no","no"
"9128","no","no"
"9130","no","no"
"9134","no","no"
"9139","no","no"
"9142","no","no"
"9144","no","no"
"9148","no","no"
"9161","yes","no"
"9163","no","no"
"9168","yes","no"
"9173","no","no"
"9175","no","no"
"9177","yes","no"
"9178","no","no"
"9186","no","no"
"9187","no","no"
"9188","no","no"
"9191","no","no"
"9197","no","no"
"9199","no","no"
"9202","no","no"
"9204","no","no"
"9206","no","no"
"9209","no","no"
"9211","no","no"
"9214","no","no"
"9217","no","no"
"9220","yes","no"
"9224","no","no"
"9227","no","no"
"9230","no","no"
"9231","no","no"
"9234","no","no"
"9236","no","no"
"9241","no","no"
"9242","no","no"
"9243","no","no"
"9244","yes","no"
"9245","yes","no"
"9251","no","no"
"9252","yes","no"
"9257","no","no"
"9262","no","no"
"9263","no","no"
"9268","no","no"
"9271","no","no"
"9273","no","no"
"9280","no","no"
"9284","no","no"
"9288","no","no"
"9292","no","no"
"9293","yes","no"
"9297","no","no"
"9300","no","no"
"9304","no","no"
"9306","no","no"
"9312","no","no"
"9321","no","no"
"9329","no","no"
"9330","no","no"
"9332","no","no"
"9339","no","no"
"9341","no","no"
"9351","no","no"
"9353","no","no"
"9354","no","no"
"9357","no","no"
"9360","no","no"
"9362","no","no"
"9366","no","no"
"9367","no","no"
"9368","yes","no"
"9371","no","no"
"9374","yes","no"
"9379","no","no"
"9381","no","no"
"9384","no","no"
"9388","no","no"
"9390","no","no"
"9391","no","no"
"9393","no","no"
"9401","no","no"
"9402","no","no"
"9403","no","no"
"9404","no","no"
"9405","no","no"
"9406","no","no"
"9407","no","no"
"9426","no","no"
"9433","no","no"
"9443","no","no"
"9447","no","no"
"9448","no","no"
"9456","no","no"
"9461","no","no"
"9462","no","no"
"9468","no","no"
"9470","no","no"
"9473","no","no"
"9475","no","no"
"9476","no","no"
"9478","no","no"
"9479","no","no"
"9482","yes","no"
"9483","no","no"
"9491","no","no"
"9492","no","no"
"9493","no","no"
"9496","no","no"
"9507","no","no"
"9510","no","no"
"9516","no","no"
"9517","no","no"
"9520","no","no"
"9522","no","no"
"9523","no","no"
"9531","no","no"
"9532","no","no"
"9536","no","no"
"9537","no","no"
"9539","no","no"
"9543","no","no"
"9544","no","no"
"9547","no","no"
"9548","no","no"
"9549","no","no"
"9553","no","no"
"9557","no","no"
"9559","no","no"
"9562","no","no"
"9564","yes","no"
"9568","no","no"
"9569","yes","no"
"9575","no","no"
"9577","no","no"
"9579","no","no"
"9587","no","no"
"9595","no","no"
"9603","no","no"
"9605","no","no"
"9609","no","no"
"9610","no","no"
"9611","no","no"
"9616","no","no"
"9622","no","no"
"9623","no","no"
"9624","no","no"
"9635","no","no"
"9636","no","no"
"9637","no","no"
"9642","no","no"
"9644","no","no"
"9645","no","no"
"9646","no","no"
"9657","no","no"
"9666","no","no"
"9668","no","no"
"9673","no","no"
"9680","no","no"
"9681","no","no"
"9682","no","no"
"9684","no","no"
"9685","no","no"
"9686","no","no"
"9687","no","no"
"9689","no","no"
"9691","no","no"
"9693","no","no"
"9699","no","no"
"9701","no","no"
"9702","no","no"
"9703","no","no"
"9705","no","no"
"9707","no","no"
"9710","no","no"
"9714","no","no"
"9719","no","no"
"9721","no","no"
"9722","no","no"
"9724","yes","no"
"9730","no","no"
"9731","no","no"
"9734","no","no"
"9736","no","no"
"9737","no","no"
"9738","no","no"
"9740","no","no"
"9741","no","no"
"9746","yes","no"
"9755","no","no"
"9760","no","no"
"9761","no","no"
"9770","no","no"
"9771","no","no"
"9772","no","no"
"9778","no","no"
"9779","no","no"
"9784","no","no"
"9787","no","no"
"9791","no","no"
"9794","no","no"
"9795","no","no"
"9797","yes","no"
"9800","no","no"
"9802","no","no"
"9803","no","no"
"9804","no","no"
"9806","no","no"
"9808","no","no"
"9816","no","no"
"9819","no","no"
"9822","no","no"
"9823","no","no"
"9824","no","no"
"9828","no","no"
"9833","no","no"
"9839","no","no"
"9840","no","no"
"9848","no","no"
"9849","no","no"
"9850","no","no"
"9851","no","no"
"9856","no","no"
"9857","no","no"
"9859","no","no"
"9860","no","no"
"9862","no","no"
"9863","no","no"
"9864","no","no"
"9867","yes","no"
"9870","no","no"
"9871","no","no"
"9872","no","no"
"9873","no","no"
"9883","no","no"
"9888","no","no"
"9890","no","no"
"9893","no","no"
"9902","no","no"
"9906","no","no"
"9909","no","no"
"9913","no","no"
"9915","no","no"
"9919","no","no"
"9920","no","no"
"9924","no","no"
"9927","no","no"
"9928","no","no"
"9930","no","no"
"9933","yes","no"
"9934","yes","no"
"9943","no","no"
"9948","no","no"
"9951","no","no"
"9953","no","no"
"9962","no","no"
"9964","no","no"
"9966","no","no"
"9972","no","no"
"9974","no","no"
"9985","no","no"
"9986","yes","no"
"9988","no","no"
"9989","no","no"
"9992","no","no"
"10006","no","no"
"10008","yes","no"
"10012","no","no"
"10014","no","no"
"10017","no","no"
"10022","no","no"
"10025","no","no"
"10026","no","no"
"10030","no","no"
"10032","no","no"
"10037","no","no"
"10039","no","no"
"10041","no","no"
"10054","no","no"
"10056","no","no"
"10058","no","no"
"10062","no","no"
"10076","no","no"
"10086","yes","no"
"10092","no","no"
"10093","no","no"
"10098","yes","no"
"10111","no","no"
"10115","no","no"
"10120","no","no"
"10121","no","no"
"10124","no","no"
"10125","no","no"
"10128","no","no"
"10130","no","no"
"10133","no","no"
"10134","no","no"
"10146","no","no"
"10147","no","no"
"10148","no","no"
"10151","no","no"
"10152","no","no"
"10155","no","no"
"10156","no","no"
"10158","no","no"
"10161","no","no"
"10163","no","no"
"10164","no","no"
"10165","no","no"
"10167","no","no"
"10168","no","no"
"10171","no","no"
"10178","no","no"
"10182","no","no"
"10184","no","no"
"10185","no","no"
"10186","no","no"
"10189","no","no"
"10194","no","no"
"10196","no","no"
"10197","no","no"
"10201","no","no"
"10205","no","no"
"10206","no","no"
"10208","no","no"
"10210","no","no"
"10212","no","no"
"10214","no","no"
"10215","yes","no"
"10222","no","no"
"10224","no","no"
"10228","no","no"
"10230","no","no"
"10234","no","no"
"10243","no","no"
"10244","no","no"
"10248","no","no"
"10250","no","no"
"10253","no","no"
"10261","no","no"
"10263","no","no"
"10268","no","no"
"10271","no","no"
"10275","no","no"
"10278","no","no"
"10282","no","no"
"10283","no","no"
"10288","no","no"
"10290","no","no"
"10291","no","no"
"10292","no","no"
"10294","no","no"
"10295","yes","no"
"10297","no","no"
"10304","no","no"
"10313","yes","no"
"10317","no","no"
"10322","no","no"
"10328","no","no"
"10329","no","no"
"10333","no","no"
"10334","no","no"
"10336","yes","no"
"10339","no","no"
"10347","no","no"
"10366","no","no"
"10372","no","no"
"10373","no","no"
"10375","no","no"
"10376","no","no"
"10380","no","no"
"10382","no","no"
"10383","no","no"
"10387","no","no"
"10391","no","no"
"10392","no","no"
"10393","no","no"
"10394","no","no"
"10395","no","no"
"10401","no","no"
"10402","no","no"
"10404","no","no"
"10405","no","no"
"10406","yes","no"
"10416","no","no"
"10417","no","no"
"10422","no","no"
"10426","no","no"
"10427","no","no"
"10428","no","no"
"10432","no","no"
"10435","no","no"
"10441","no","no"
"10442","no","no"
"10444","no","no"
"10445","no","no"
"10449","no","no"
"10450","no","no"
"10452","no","no"
"10457","no","no"
"10458","no","no"
"10461","no","no"
"10464","yes","no"
"10466","no","no"
"10467","no","no"
"10470","no","no"
"10472","no","no"
"10475","no","no"
"10478","no","no"
"10479","no","no"
"10480","no","no"
"10483","no","no"
"10485","no","no"
"10486","no","no"
"10488","no","no"
"10490","no","no"
"10492","no","no"
"10500","yes","no"
"10501","no","no"
"10504","no","no"
"10505","no","no"
"10506","no","no"
"10510","no","no"
"10514","no","no"
"10515","no","no"
"10529","no","no"
"10534","no","no"
"10538","no","no"
"10539","no","no"
"10541","no","no"
"10543","no","no"
"10546","no","no"
"10550","no","no"
"10555","no","no"
"10557","no","no"
"10559","no","no"
"10560","no","no"
"10564","no","no"
"10568","no","no"
"10569","no","no"
"10572","no","no"
"10579","no","no"
"10581","no","no"
"10583","no","no"
"10585","no","no"
"10587","no","no"
"10593","no","no"
"10594","no","no"
"10595","no","no"
"10596","no","no"
"10599","no","no"
"10601","no","no"
"10605","no","no"
"10608","no","no"
"10609","no","no"
"10610","no","no"
"10613","no","no"
"10614","no","no"
"10616","no","no"
"10618","no","no"
"10620","no","no"
"10626","no","no"
"10628","no","no"
"10631","no","no"
"10634","no","no"
"10640","no","no"
"10646","no","no"
"10650","no","no"
"10656","no","no"
"10659","no","no"
"10660","no","no"
"10662","no","no"
"10663","no","no"
"10665","no","no"
"10666","no","no"
"10674","no","no"
"10677","no","no"
"10679","no","no"
"10681","no","no"
"10684","no","no"
"10690","no","no"
"10694","no","no"
"10695","no","no"
"10715","no","no"
"10717","no","no"
"10733","no","no"
"10734","no","no"
"10737","no","no"
"10742","no","no"
"10745","yes","no"
"10748","no","no"
"10749","yes","no"
"10750","no","no"
"10752","no","no"
"10755","no","no"
"10758","no","no"
"10760","no","no"
"10764","no","no"
"10771","no","no"
"10774","no","no"
"10777","no","no"
"10781","no","no"
"10789","no","no"
"10791","no","no"
"10792","no","no"
"10798","no","no"
"10799","no","no"
"10800","no","no"
"10801","no","no"
"10804","no","no"
"10808","no","no"
"10810","no","no"
"10812","no","no"
"10818","no","no"
"10823","no","no"
"10829","no","no"
"10831","no","no"
"10842","no","no"
"10843","no","no"
"10845","no","no"
"10847","no","no"
"10851","no","no"
"10854","no","no"
"10856","no","no"
"10858","no","no"
"10861","no","no"
"10866","no","no"
"10874","no","no"
"10875","no","no"
"10884","no","no"
"10889","yes","no"
"10890","no","no"
"10891","no","no"
"10897","no","no"
"10898","no","no"
"10900","no","no"
"10901","no","no"
"10902","no","no"
"10904","no","no"
"10905","no","no"
"10907","no","no"
"10909","no","no"
"10910","no","no"
"10914","no","no"
"10920","no","no"
"10923","yes","no"
"10926","no","no"
"10930","no","no"
"10932","no","no"
"10939","no","no"
"10941","no","no"
"10942","no","no"
"10943","no","no"
"10947","no","no"
"10958","no","no"
"10960","no","no"
"10965","no","no"
"10966","no","no"
"10969","no","no"
"10970","no","no"
"10977","no","no"
"10978","yes","no"
"10982","no","no"
"10984","no","no"
"10985","no","no"
"10987","no","no"
"10993","no","no"
"10995","no","no"
"11006","yes","no"
"11008","no","no"
"11010","no","no"
"11011","no","no"
"11023","no","no"
"11024","no","no"
"11028","no","no"
"11029","no","no"
"11032","no","no"
"11033","no","no"
"11034","no","no"
"11038","no","no"
"11047","no","no"
"11048","no","no"
"11049","no","no"
"11050","no","no"
"11059","no","no"
"11060","no","no"
"11065","no","no"
"11066","no","no"
"11071","no","no"
"11072","no","no"
"11078","no","no"
"11080","no","no"
"11088","no","no"
"11091","no","no"
"11094","no","no"
"11098","no","no"
"11100","no","no"
"11102","no","no"
"11103","no","no"
"11114","no","no"
"11116","yes","no"
"11117","no","no"
"11119","no","no"
"11120","yes","no"
"11123","no","no"
"11127","yes","no"
"11128","no","no"
"11129","no","no"
"11132","yes","no"
"11133","no","no"
"11134","no","no"
"11135","no","no"
"11136","no","no"
"11141","no","no"
"11143","yes","no"
"11145","no","no"
"11148","no","no"
"11153","no","no"
"11154","no","no"
"11155","no","no"
"11157","no","no"
"11161","no","no"
"11163","no","no"
"11172","no","no"
"11173","no","no"
"11177","no","no"
"11182","no","no"
"11183","no","no"
"11186","no","no"
"11187","no","no"
"11188","no","no"
"11192","no","no"
"11200","no","no"
"11202","no","no"
"11204","no","no"
"11206","no","no"
"11209","no","no"
"11212","no","no"
"11214","no","no"
"11216","no","no"
"11219","no","no"
"11228","yes","no"
"11231","no","no"
"11235","no","no"
"11237","no","no"
"11238","no","no"
"11248","no","no"
"11250","no","no"
"11252","no","no"
"11260","no","no"
"11261","no","no"
"11263","no","no"
"11264","no","no"
"11268","no","no"
"11269","no","no"
"11277","no","no"
"11279","no","no"
"11280","yes","no"
"11281","no","no"
"11287","no","no"
"11291","yes","no"
"11295","no","no"
"11297","no","no"
"11298","yes","no"
"11300","no","no"
"11307","yes","no"
"11308","no","no"
"11309","no","no"
"11314","no","no"
"11316","no","no"
"11318","no","no"
"11319","no","no"
"11321","no","no"
"11322","no","no"
"11323","no","no"
"11325","yes","no"
"11328","no","no"
"11345","no","no"
"11350","no","no"
"11352","no","no"
"11353","no","no"
"11356","no","no"
"11357","no","no"
"11362","no","no"
"11364","no","no"
"11383","no","no"
"11384","no","no"
"11386","no","no"
"11390","no","no"
"11392","no","no"
"11393","no","no"
"11394","no","no"
"11395","no","no"
"11398","no","no"
"11400","no","no"
"11405","no","no"
"11407","no","no"
"11408","no","no"
"11411","yes","no"
"11416","no","no"
"11419","no","no"
"11421","no","no"
"11423","no","no"
"11424","no","no"
"11425","no","no"
"11427","no","no"
"11431","no","no"
"11438","no","no"
"11439","yes","no"
"11442","no","no"
"11443","no","no"
"11444","no","no"
"11448","no","no"
"11454","no","no"
"11462","no","no"
"11471","no","no"
"11474","no","no"
"11481","no","no"
"11483","no","no"
"11485","no","no"
"11491","no","no"
"11492","no","no"
"11494","no","no"
"11496","no","no"
"11497","yes","no"
"11501","no","no"
"11508","no","no"
"11509","no","no"
"11514","no","no"
"11517","no","no"
"11518","no","no"
"11519","no","no"
"11521","no","no"
"11524","no","no"
"11528","no","no"
"11532","no","no"
"11533","no","no"
"11536","no","no"
"11538","no","no"
"11540","no","no"
"11544","no","no"
"11545","no","no"
"11554","no","no"
"11556","no","no"
"11561","yes","no"
"11565","no","no"
"11570","no","no"
"11579","no","no"
"11580","yes","no"
"11581","yes","no"
"11582","yes","no"
"11584","no","no"
"11588","no","no"
"11593","no","no"
"11594","no","no"
"11599","no","no"
"11600","no","no"
"11603","no","no"
"11614","no","no"
"11619","no","no"
"11624","no","no"
"11625","no","no"
"11632","no","no"
"11636","no","no"
"11638","no","no"
"11639","no","no"
"11640","no","no"
"11641","no","no"
"11644","yes","no"
"11646","no","no"
"11649","no","no"
"11650","no","no"
"11651","no","no"
"11653","no","no"
"11654","no","no"
"11666","no","no"
"11667","no","no"
"11672","no","no"
"11673","no","no"
"11676","no","no"
"11678","no","no"
"11685","no","no"
"11686","no","no"
"11690","no","no"
"11693","no","no"
"11699","no","no"
"11706","yes","no"
"11707","no","no"
"11711","no","no"
"11712","no","no"
"11716","no","no"
"11717","no","no"
"11729","no","no"
"11735","no","no"
"11742","no","no"
"11749","no","no"
"11750","no","no"
"11754","no","no"
"11755","no","no"
"11759","no","no"
"11762","no","no"
"11769","no","no"
"11774","no","no"
"11786","no","no"
"11789","no","no"
"11790","no","no"
"11791","no","no"
"11797","no","no"
"11800","no","no"
"11804","no","no"
"11805","no","no"
"11806","no","no"
"11813","no","no"
"11816","no","no"
"11817","no","no"
"11822","no","no"
"11827","no","no"
"11833","no","no"
"11835","no","no"
"11836","no","no"
"11839","no","no"
"11840","no","no"
"11844","no","no"
"11846","no","no"
"11847","no","no"
"11853","no","no"
"11857","no","no"
"11861","no","no"
"11865","no","no"
"11868","no","no"
"11874","no","no"
"11877","no","no"
"11881","no","no"
"11882","no","no"
"11884","no","no"
"11887","no","no"
"11890","no","no"
"11891","no","no"
"11896","no","no"
"11898","no","no"
"11899","no","no"
"11901","no","no"
"11902","no","no"
"11903","no","no"
"11909","no","no"
"11911","no","no"
"11915","no","no"
"11916","no","no"
"11918","no","no"
"11922","no","no"
"11923","no","no"
"11927","no","no"
"11928","no","no"
"11930","no","no"
"11935","no","no"
"11938","no","no"
"11941","no","no"
"11942","no","no"
"11943","no","no"
"11948","no","no"
"11949","no","no"
"11960","no","no"
"11965","no","no"
"11967","no","no"
"11974","no","no"
"11975","no","no"
"11977","no","no"
"11991","no","no"
"11997","no","no"
"11999","no","no"
"12001","no","yes"
"12002","no","yes"
"12003","yes","yes"
"12004","no","yes"
"12011","no","yes"
"12014","no","yes"
"12015","no","yes"
"12017","no","yes"
"12020","no","yes"
"12034","no","yes"
"12037","no","yes"
"12039","yes","yes"
"12045","yes","yes"
"12048","no","yes"
"12050","no","yes"
"12052","no","yes"
"12055","yes","yes"
"12057","yes","yes"
"12058","yes","yes"
"12062","yes","yes"
"12064","no","yes"
"12065","yes","yes"
"12069","no","yes"
"12070","no","yes"
"12071","no","yes"
"12077","yes","yes"
"12078","no","yes"
"12079","no","yes"
"12080","no","yes"
"12081","no","yes"
"12085","yes","yes"
"12087","yes","yes"
"12092","no","yes"
"12097","yes","yes"
"12098","yes","yes"
"12099","yes","yes"
"12100","no","yes"
"12101","no","yes"
"12107","no","yes"
"12109","no","yes"
"12111","no","yes"
"12114","no","yes"
"12116","no","yes"
"12117","no","yes"
"12118","yes","yes"
"12119","no","yes"
"12123","no","yes"
"12127","no","yes"
"12128","no","yes"
"12134","no","yes"
"12135","no","yes"
"12136","no","yes"
"12137","no","yes"
"12138","no","yes"
"12141","yes","yes"
"12142","no","yes"
"12147","no","yes"
"12149","no","yes"
"12150","no","yes"
"12151","yes","yes"
"12156","yes","yes"
"12160","no","yes"
"12162","no","yes"
"12163","no","yes"
"12166","yes","yes"
"12167","no","yes"
"12168","no","yes"
"12170","no","yes"
"12176","no","yes"
"12183","no","yes"
"12186","no","yes"
"12192","no","yes"
"12193","no","yes"
"12194","yes","yes"
"12196","yes","yes"
"12200","no","yes"
"12202","no","yes"
"12205","no","yes"
"12215","no","yes"
"12219","no","yes"
"12220","no","yes"
"12227","no","yes"
"12229","no","yes"
"12231","no","yes"
"12237","no","yes"
"12240","yes","yes"
"12242","no","yes"
"12243","no","yes"
"12247","no","yes"
"12254","no","yes"
"12255","no","yes"
"12256","no","yes"
"12260","yes","yes"
"12263","no","yes"
"12265","no","yes"
"12269","no","yes"
"12274","yes","yes"
"12275","yes","yes"
"12276","no","yes"
"12278","no","yes"
"12280","no","yes"
"12281","yes","yes"
"12282","yes","yes"
"12288","yes","yes"
"12290","no","yes"
"12291","no","yes"
"12294","yes","yes"
"12297","no","yes"
"12298","no","yes"
"12300","no","yes"
"12301","no","yes"
"12303","yes","yes"
"12306","no","yes"
"12314","no","yes"
"12316","no","yes"
"12320","no","yes"
"12322","no","yes"
"12327","no","yes"
"12330","no","yes"
"12333","yes","yes"
"12334","no","yes"
"12336","no","yes"
"12337","no","yes"
"12352","yes","yes"
"12353","no","yes"
"12354","no","yes"
"12357","no","yes"
"12358","no","yes"
"12362","no","yes"
"12363","no","yes"
"12365","no","yes"
"12380","no","yes"
"12382","no","yes"
"12384","no","yes"
"12387","yes","yes"
"12390","no","yes"
"12393","no","yes"
"12394","yes","yes"
"12397","no","yes"
"12400","yes","yes"
"12405","no","yes"
"12406","no","yes"
"12416","no","yes"
"12429","no","yes"
"12440","no","yes"
"12446","yes","yes"
"12449","no","yes"
"12450","no","yes"
"12461","no","yes"
"12462","no","yes"
"12469","no","yes"
"12471","yes","yes"
"12473","no","yes"
"12476","no","yes"
"12477","yes","yes"
"12479","no","yes"
"12483","no","yes"
"12486","no","yes"
"12487","no","yes"
"12488","yes","yes"
"12490","no","yes"
"12493","yes","yes"
"12500","no","yes"
"12502","no","yes"
"12503","yes","yes"
"12505","no","yes"
"12506","yes","yes"
"12508","no","yes"
"12513","yes","yes"
"12518","yes","yes"
"12520","no","yes"
"12521","no","yes"
"12522","no","yes"
"12523","yes","yes"
"12529","yes","yes"
"12533","yes","yes"
"12537","yes","yes"
"12540","yes","yes"
"12549","no","yes"
"12553","no","yes"
"12554","no","yes"
"12560","yes","yes"
"12565","no","yes"
"12574","no","yes"
"12581","no","yes"
"12584","no","yes"
"12586","no","yes"
"12587","no","yes"
"12591","no","yes"
"12596","yes","yes"
"12601","no","yes"
"12614","no","yes"
"12618","no","yes"
"12620","no","yes"
"12623","yes","yes"
"12625","no","yes"
"12630","no","yes"
"12633","yes","yes"
"12641","no","yes"
"12646","no","yes"
"12648","no","yes"
"12651","no","yes"
"12658","no","yes"
"12659","no","yes"
"12664","yes","yes"
"12666","no","yes"
"12672","yes","yes"
"12676","no","yes"
"12677","yes","yes"
"12681","yes","yes"
"12683","yes","yes"
"12685","no","yes"
"12688","yes","yes"
"12689","yes","yes"
"12694","yes","yes"
"12707","no","yes"
"12708","no","yes"
"12711","no","yes"
"12715","no","yes"
"12719","no","yes"
"12722","yes","yes"
"12727","no","yes"
"12728","no","yes"
"12731","no","yes"
"12735","yes","yes"
"12738","no","yes"
"12742","no","yes"
"12743","no","yes"
"12745","no","yes"
"12747","no","yes"
"12752","no","yes"
"12753","no","yes"
"12757","no","yes"
"12759","no","yes"
"12767","no","yes"
"12773","no","yes"
"12777","yes","yes"
"12781","yes","yes"
"12782","no","yes"
"12783","no","yes"
"12788","no","no"
"12789","yes","no"
"12790","no","no"
"12793","no","no"
"12796","no","no"
"12807","no","no"
"12809","no","no"
"12813","no","no"
"12817","no","no"
"12819","no","no"
"12821","no","no"
"12824","no","no"
"12828","no","no"
"12829","no","no"
"12834","no","no"
"12839","no","no"
"12840","no","no"
"12842","no","no"
"12844","no","no"
"12845","no","no"
"12846","no","no"
"12848","no","no"
"12849","no","no"
"12850","no","no"
"12851","no","no"
"12858","no","no"
"12860","no","no"
"12861","no","no"
"12867","no","no"
"12869","no","no"
"12870","no","no"
"12878","no","no"
"12881","no","no"
"12888","no","no"
"12901","no","no"
"12902","no","no"
"12906","no","no"
"12907","no","no"
"12910","no","no"
"12915","no","no"
"12916","no","no"
"12917","no","no"
"12918","no","no"
"12923","no","no"
"12924","no","no"
"12931","no","no"
"12939","no","no"
"12940","no","no"
"12946","no","no"
"12956","yes","no"
"12957","no","no"
"12958","no","no"
"12959","no","no"
"12962","no","no"
"12965","no","no"
"12968","no","no"
"12969","no","no"
"12974","no","no"
"12980","no","no"
"12981","no","no"
"12986","no","no"
"12989","no","no"
"12990","no","no"
"12992","no","no"
"12996","yes","no"
"12999","no","no"
"13000","no","no"
"13009","no","no"
"13012","no","no"
"13016","no","no"
"13017","no","no"
"13018","no","no"
"13023","no","no"
"13028","no","no"
"13029","no","no"
"13032","no","no"
"13035","no","no"
"13036","no","no"
"13041","no","no"
"13047","no","no"
"13049","no","no"
"13054","no","no"
"13055","no","no"
"13057","no","no"
"13061","no","no"
"13067","no","no"
"13068","no","no"
"13069","no","no"
"13071","no","no"
"13073","yes","no"
"13080","no","no"
"13082","no","no"
"13086","no","no"
"13088","no","no"
"13091","no","no"
"13094","no","no"
"13096","no","no"
"13106","no","no"
"13107","no","no"
"13108","no","no"
"13111","no","no"
"13115","no","no"
"13117","no","no"
"13121","no","no"
"13123","no","no"
"13125","no","no"
"13130","no","no"
"13131","no","no"
"13135","no","no"
"13139","no","no"
"13143","no","no"
"13144","yes","no"
"13153","no","no"
"13156","no","no"
"13166","yes","no"
"13181","no","no"
"13182","no","no"
"13183","no","no"
"13185","no","no"
"13187","no","no"
"13193","no","no"
"13194","no","no"
"13196","no","no"
"13200","yes","no"
"13204","no","no"
"13206","no","no"
"13211","no","no"
"13213","no","no"
"13214","yes","no"
"13220","no","no"
"13223","yes","no"
"13225","no","no"
"13229","no","no"
"13230","no","no"
"13235","no","no"
"13236","no","no"
"13242","no","no"
"13245","no","no"
"13251","no","no"
"13252","no","no"
"13255","no","no"
"13257","no","no"
"13259","no","no"
"13267","no","no"
"13269","no","no"
"13270","no","no"
"13274","no","no"
"13275","no","no"
"13276","no","no"
"13278","no","no"
"13279","no","no"
"13285","no","no"
"13288","no","no"
"13289","no","no"
"13290","no","no"
"13294","no","no"
"13296","no","no"
"13301","no","no"
"13302","no","no"
"13304","no","no"
"13306","no","no"
"13307","no","no"
"13311","no","no"
"13318","no","no"
"13321","no","no"
"13322","no","no"
"13323","no","no"
"13328","no","no"
"13331","yes","no"
"13334","no","no"
"13338","yes","no"
"13339","no","no"
"13340","no","no"
"13345","no","no"
"13350","no","no"
"13356","no","no"
"13357","no","no"
"13359","no","no"
"13361","no","no"
"13363","no","no"
"13370","no","no"
"13371","no","no"
"13374","no","no"
"13376","no","no"
"13380","no","no"
"13381","no","no"
"13382","no","no"
"13384","no","no"
"13385","no","no"
"13388","no","no"
"13389","no","no"
"13391","no","no"
"13394","no","no"
"13397","no","no"
"13398","no","no"
"13399","no","no"
"13403","no","no"
"13406","no","no"
"13407","yes","no"
"13413","no","no"
"13418","no","no"
"13424","no","no"
"13426","no","no"
"13427","no","no"
"13429","no","no"
"13430","no","no"
"13434","no","no"
"13437","no","no"
"13439","yes","no"
"13448","no","no"
"13455","no","no"
"13458","no","no"
"13463","no","no"
"13464","no","no"
"13466","no","no"
"13468","no","no"
"13469","no","no"
"13472","no","no"
"13475","no","no"
"13478","no","no"
"13481","no","no"
"13483","no","no"
"13484","no","no"
"13485","no","no"
"13486","no","no"
"13489","no","no"
"13492","no","no"
"13493","no","no"
"13494","no","no"
"13497","no","no"
"13501","no","no"
"13503","no","no"
"13506","no","no"
"13508","no","no"
"13514","no","no"
"13515","no","no"
"13516","no","no"
"13520","no","no"
"13524","no","no"
"13525","no","no"
"13526","no","no"
"13531","no","no"
"13534","no","no"
"13535","no","no"
"13536","yes","no"
"13537","no","no"
"13540","no","no"
"13543","no","no"
"13546","no","no"
"13556","no","no"
"13564","no","no"
"13566","no","no"
"13568","no","no"
"13572","no","no"
"13575","no","no"
"13576","no","no"
"13577","no","no"
"13578","no","no"
"13581","no","no"
"13582","no","no"
"13586","no","no"
"13588","no","no"
"13594","no","no"
"13595","no","no"
"13598","no","no"
"13602","no","no"
"13603","no","no"
"13606","no","no"
"13608","no","no"
"13611","no","no"
"13616","no","no"
"13621","no","no"
"13627","no","no"
"13629","yes","no"
"13631","no","no"
"13633","no","no"
"13639","no","no"
"13641","no","no"
"13643","no","no"
"13645","no","no"
"13647","no","no"
"13650","yes","no"
"13652","no","no"
"13655","no","no"
"13659","no","no"
"13664","no","no"
"13673","no","no"
"13674","no","no"
"13678","no","no"
"13679","no","no"
"13683","no","no"
"13684","no","no"
"13687","no","no"
"13698","no","no"
"13701","no","no"
"13703","no","no"
"13707","no","no"
"13714","no","no"
"13715","no","no"
"13717","no","no"
"13721","no","no"
"13730","no","no"
"13735","no","no"
"13736","no","no"
"13737","no","no"
"13742","no","no"
"13744","no","no"
"13745","no","no"
"13748","no","no"
"13749","no","no"
"13751","no","no"
"13753","no","no"
"13755","no","no"
"13759","no","no"
"13762","no","no"
"13764","no","no"
"13765","no","no"
"13771","no","no"
"13772","yes","no"
"13776","no","no"
"13782","no","no"
"13790","no","no"
"13797","no","no"
"13804","no","no"
"13807","yes","no"
"13821","no","no"
"13822","no","no"
"13825","no","no"
"13826","yes","no"
"13827","no","no"
"13831","no","no"
"13832","no","no"
"13836","no","no"
"13837","no","no"
"13838","no","no"
"13840","no","no"
"13850","no","no"
"13855","yes","no"
"13865","no","no"
"13871","no","no"
"13872","no","no"
"13873","no","no"
"13877","no","no"
"13881","no","no"
"13884","no","no"
"13885","no","no"
"13886","no","no"
"13897","no","no"
"13901","no","no"
"13902","no","no"
"13905","yes","no"
"13909","no","no"
"13910","no","no"
"13912","no","no"
"13919","no","no"
"13929","no","no"
"13936","no","no"
"13942","no","no"
"13945","no","no"
"13950","no","no"
"13953","no","no"
"13956","no","no"
"13962","no","no"
"13965","no","no"
"13969","no","no"
"13970","no","no"
"13971","no","no"
"13976","no","no"
"13977","no","no"
"13983","no","no"
"13990","no","no"
"14000","no","no"
"14001","no","no"
"14008","no","no"
"14010","no","no"
"14012","no","no"
"14023","no","no"
"14025","no","no"
"14026","no","no"
"14027","no","no"
"14030","no","no"
"14032","no","no"
"14034","no","no"
"14038","no","no"
"14042","no","no"
"14047","no","no"
"14052","no","no"
"14057","no","no"
"14061","yes","no"
"14063","yes","no"
"14066","no","no"
"14067","no","no"
"14070","no","no"
"14082","no","no"
"14084","no","no"
"14090","no","no"
"14094","no","no"
"14095","no","no"
"14106","no","no"
"14108","no","no"
"14109","no","no"
"14110","no","no"
"14126","no","no"
"14127","no","no"
"14130","no","no"
"14133","no","no"
"14136","no","no"
"14137","no","no"
"14148","no","no"
"14151","no","no"
"14153","no","no"
"14154","no","no"
"14155","no","no"
"14156","no","no"
"14157","no","no"
"14164","no","no"
"14172","no","no"
"14173","no","no"
"14175","no","no"
"14181","no","no"
"14183","no","no"
"14186","no","no"
"14187","no","no"
"14189","no","no"
"14191","no","no"
"14192","no","no"
"14193","no","no"
"14194","no","no"
"14203","no","no"
"14209","no","no"
"14210","no","no"
"14211","no","no"
"14212","no","yes"
"14216","no","yes"
"14217","no","yes"
"14221","no","yes"
"14223","yes","yes"
"14228","no","yes"
"14230","no","yes"
"14234","yes","yes"
"14235","no","yes"
"14239","no","yes"
"14240","no","yes"
"14243","no","yes"
"14246","no","yes"
"14251","no","yes"
"14253","no","yes"
"14259","no","yes"
"14261","no","yes"
"14267","no","yes"
"14268","yes","yes"
"14272","no","yes"
"14274","yes","yes"
"14280","no","yes"
"14281","no","yes"
"14284","no","yes"
"14285","yes","yes"
"14288","yes","yes"
"14292","no","yes"
"14295","no","yes"
"14300","no","yes"
"14302","no","yes"
"14305","no","yes"
"14306","yes","yes"
"14307","no","yes"
"14309","yes","yes"
"14316","no","yes"
"14317","no","yes"
"14318","no","yes"
"14319","no","yes"
"14324","no","yes"
"14330","no","yes"
"14332","no","yes"
"14337","yes","yes"
"14338","no","yes"
"14340","yes","yes"
"14343","no","yes"
"14351","no","yes"
"14356","no","yes"
"14366","no","yes"
"14367","yes","yes"
"14370","no","yes"
"14379","no","yes"
"14383","no","yes"
"14385","yes","yes"
"14394","no","yes"
"14397","no","yes"
"14403","no","yes"
"14405","yes","yes"
"14411","no","yes"
"14414","no","yes"
"14415","yes","yes"
"14416","no","yes"
"14422","no","yes"
"14427","no","yes"
"14429","no","yes"
"14432","yes","yes"
"14435","no","yes"
"14436","no","yes"
"14437","no","yes"
"14438","no","yes"
"14442","no","yes"
"14448","no","yes"
"14450","no","yes"
"14451","yes","yes"
"14453","no","yes"
"14455","no","yes"
"14462","no","yes"
"14463","no","yes"
"14467","no","yes"
"14468","no","yes"
"14476","no","yes"
"14478","yes","yes"
"14480","no","yes"
"14482","no","yes"
"14484","no","yes"
"14486","yes","yes"
"14493","yes","yes"
"14497","no","yes"
"14498","yes","yes"
"14500","no","yes"
"14503","no","yes"
"14504","no","yes"
"14506","yes","yes"
"14513","yes","yes"
"14518","no","yes"
"14519","yes","yes"
"14520","no","yes"
"14522","yes","yes"
"14527","no","yes"
"14533","no","yes"
"14538","no","yes"
"14545","no","yes"
"14548","no","yes"
"14550","no","yes"
"14552","yes","yes"
"14560","yes","yes"
"14564","no","yes"
"14569","no","yes"
"14571","yes","yes"
"14572","yes","yes"
"14576","no","yes"
"14582","no","yes"
"14588","no","yes"
"14593","no","yes"
"14603","no","yes"
"14611","yes","yes"
"14612","no","yes"
"14613","no","yes"
"14615","no","yes"
"14617","no","yes"
"14618","no","yes"
"14621","no","yes"
"14627","no","yes"
"14629","yes","yes"
"14636","no","yes"
"14637","no","yes"
"14644","no","yes"
"14652","no","yes"
"14658","no","yes"
"14666","no","yes"
"14667","no","yes"
"14669","no","yes"
"14670","no","yes"
"14671","no","yes"
"14673","no","yes"
"14676","no","yes"
"14677","no","yes"
"14678","no","yes"
"14683","no","yes"
"14685","no","yes"
"14687","no","yes"
"14691","yes","yes"
"14692","no","yes"
"14694","no","yes"
"14695","no","yes"
"14699","yes","yes"
"14705","yes","yes"
"14708","yes","yes"
"14709","no","yes"
"14713","no","yes"
"14715","no","yes"
"14716","no","yes"
"14718","no","yes"
"14722","no","yes"
"14725","yes","yes"
"14726","no","yes"
"14730","no","yes"
"14731","no","yes"
"14732","no","yes"
"14734","yes","yes"
"14739","yes","yes"
"14750","no","yes"
"14761","no","yes"
"14762","yes","yes"
"14765","no","yes"
"14768","no","yes"
"14772","yes","yes"
"14773","no","yes"
"14778","yes","yes"
"14788","no","yes"
"14792","no","yes"
"14796","no","yes"
"14806","yes","yes"
"14815","no","yes"
"14820","no","yes"
"14830","no","yes"
"14832","no","yes"
"14837","no","yes"
"14838","no","yes"
"14839","no","yes"
"14842","yes","yes"
"14844","yes","yes"
"14849","no","yes"
"14850","no","yes"
"14854","no","yes"
"14855","no","yes"
"14856","no","yes"
"14857","no","yes"
"14862","no","yes"
"14867","no","yes"
"14876","no","yes"
"14878","no","yes"
"14881","no","yes"
"14887","no","yes"
"14891","no","yes"
"14896","no","yes"
"14902","yes","yes"
"14909","yes","yes"
"14913","yes","yes"
"14915","no","yes"
"14918","no","yes"
"14919","yes","yes"
"14920","no","yes"
"14926","yes","yes"
"14927","no","yes"
"14928","no","yes"
"14930","yes","yes"
"14931","yes","yes"
"14932","no","yes"
"14937","no","yes"
"14939","no","yes"
"14946","no","yes"
"14950","no","yes"
"14955","no","yes"
"14958","no","yes"
"14959","no","yes"
"14963","no","yes"
"14965","yes","yes"
"14970","no","yes"
"14972","no","yes"
"14973","yes","yes"
"14976","yes","yes"
"14977","no","yes"
"14978","no","yes"
"14981","no","yes"
"14983","no","yes"
"14984","no","yes"
"14991","no","yes"
"14993","no","yes"
"14994","no","yes"
